timestamp,inst_id,open_price,high_price,low_price,close_price,volume_in_coin,volume_in_usdt
2020-12-25 08:00:00.000000 +0800,1INCHUSDT,0.2,3.0885,0.2,2.2954,125977553.14,301510841.152751
2020-12-26 08:00:00.000000 +0800,1INCHUSDT,2.2958,2.4609,1.5717,1.5967,57039701.92,105418896.837093
2020-12-27 08:00:00.000000 +0800,1INCHUSDT,1.597,1.6516,1.036,1.0612,77797336.07,101274161.763392
2020-12-28 08:00:00.000000 +0800,1INCHUSDT,1.06,1.2787,1.0353,1.114,39346066.97,45505928.992213
2020-12-29 08:00:00.000000 +0800,1INCHUSDT,1.114,1.1166,0.7541,0.8845,53786032.77,48073723.12896
2020-12-30 08:00:00.000000 +0800,1INCHUSDT,0.8845,1.2574,0.8702,1.0934,57120473.11,61465212.258155
2020-12-31 08:00:00.000000 +0800,1INCHUSDT,1.0932,1.4033,1.0582,1.3637,44493450.73,56262752.408986
2021-01-01 08:00:00.000000 +0800,1INCHUSDT,1.3623,1.3974,1.0863,1.155,20279992.26,24465518.026843
2021-01-02 08:00:00.000000 +0800,1INCHUSDT,1.1521,1.1607,1,1.025,11922746.16,12861436.62075
2021-01-03 08:00:00.000000 +0800,1INCHUSDT,1.0259,1.1568,0.9456,1.108,20147704.01,21379421.776639
2021-01-04 08:00:00.000000 +0800,1INCHUSDT,1.108,1.24,0.9666,1.0317,18714450.36,20652733.11878
2021-01-05 08:00:00.000000 +0800,1INCHUSDT,1.0317,1.38,0.98,1.2501,21614286.19,24772365.76234
2021-01-06 08:00:00.000000 +0800,1INCHUSDT,1.2502,1.5269,1.1885,1.51,26125892.04,35471398.630165
2021-01-07 08:00:00.000000 +0800,1INCHUSDT,1.5109,1.615,1.244,1.2925,25553868.02,37327120.55827
2021-01-08 08:00:00.000000 +0800,1INCHUSDT,1.294,1.3485,1.0111,1.1867,22858507.73,28305260.777243
2021-01-09 08:00:00.000000 +0800,1INCHUSDT,1.1864,1.2999,1.112,1.2431,17542226.69,21282757.752106
2021-01-10 08:00:00.000000 +0800,1INCHUSDT,1.2441,1.3871,1.11,1.2058,21496873.07,27376198.030271
2021-01-11 08:00:00.000000 +0800,1INCHUSDT,1.2032,1.2126,0.9623,1.1243,18251793,19767672.641642
2021-01-12 08:00:00.000000 +0800,1INCHUSDT,1.1262,1.214,1.055,1.1275,12397670.65,14122650.797779
2021-01-13 08:00:00.000000 +0800,1INCHUSDT,1.1272,1.3345,1.06,1.277,16398822.19,20123388.883208
2021-01-14 08:00:00.000000 +0800,1INCHUSDT,1.275,1.4026,1.2637,1.3395,13593431.03,18063982.2852
2021-01-15 08:00:00.000000 +0800,1INCHUSDT,1.3379,1.51,1.1716,1.3516,24679310.93,33544488.378938
2021-01-16 08:00:00.000000 +0800,1INCHUSDT,1.3488,1.8416,1.3313,1.6319,30763976.8,48763780.743055
2021-01-17 08:00:00.000000 +0800,1INCHUSDT,1.6316,2.19,1.5844,2.0362,40145438.06,75630316.779939
2021-01-18 08:00:00.000000 +0800,1INCHUSDT,2.0283,2.0768,1.68,1.8827,24567762.77,46699918.365494
2021-01-19 08:00:00.000000 +0800,1INCHUSDT,1.8792,2.1,1.7979,1.9005,21184499.68,41172560.786419
2021-01-20 08:00:00.000000 +0800,1INCHUSDT,1.9043,1.9652,1.6412,1.847,15359199.05,27459373.552279
2021-01-21 08:00:00.000000 +0800,1INCHUSDT,1.8453,1.8847,1.546,1.569,14947028.09,25449093.378704
2021-01-22 08:00:00.000000 +0800,1INCHUSDT,1.5733,1.85,1.4113,1.7562,14724984.43,24654877.554878
2021-01-23 08:00:00.000000 +0800,1INCHUSDT,1.7549,1.998,1.7058,1.9309,14696995.31,27785698.900559
2021-01-24 08:00:00.000000 +0800,1INCHUSDT,1.9338,2.49,1.8786,2.4743,23208043.75,51070241.692679
2021-01-25 08:00:00.000000 +0800,1INCHUSDT,2.4707,2.72,2.2933,2.3585,28495931.15,72129338.524312
2021-01-26 08:00:00.000000 +0800,1INCHUSDT,2.3546,2.69,2.18,2.6881,21837127.98,53324781.77685
2021-01-27 08:00:00.000000 +0800,1INCHUSDT,2.6898,2.7278,2.2288,2.4955,21663954.75,53437076.0956
2021-01-28 08:00:00.000000 +0800,1INCHUSDT,2.4985,3.3579,2.425,3.1197,30681113.58,93747461.951823
2021-01-29 08:00:00.000000 +0800,1INCHUSDT,3.1124,3.4772,2.8416,3.3511,22150621.36,67774115.764665
2021-01-30 08:00:00.000000 +0800,1INCHUSDT,3.3571,4.7,3.1707,4.586,44098606.67,175026014.004943
2021-01-31 08:00:00.000000 +0800,1INCHUSDT,4.5861,5.55,4.455,4.9309,55866327.76,281656205.811888
2021-02-01 08:00:00.000000 +0800,1INCHUSDT,4.9307,5.2729,4.2715,5.0194,33226376.16,158119081.82892
2021-02-02 08:00:00.000000 +0800,1INCHUSDT,5.0179,5.074,4.56,4.6714,13304716.72,63844474.850109
2021-02-03 08:00:00.000000 +0800,1INCHUSDT,4.67,5.2657,4.35,5.0363,18109526.37,88178111.821532
2021-02-04 08:00:00.000000 +0800,1INCHUSDT,5.0357,5.95,4.5818,5.5705,27437347.94,144276852.570263
2021-02-05 08:00:00.000000 +0800,1INCHUSDT,5.5699,6.33,5.5076,5.825,18313335.48,108335945.213193
2021-02-06 08:00:00.000000 +0800,1INCHUSDT,5.825,5.94,5.1,5.26,17203563.3,92799917.719044
2021-02-07 08:00:00.000000 +0800,1INCHUSDT,5.2598,5.3095,4.3001,4.9512,21091809.1,101867796.328274
2021-02-08 08:00:00.000000 +0800,1INCHUSDT,4.9513,5.4763,4.69,5.3251,18626982.19,95419034.11442
2021-02-09 08:00:00.000000 +0800,1INCHUSDT,5.3255,5.3484,4.8143,5.067,16186957.03,82125294.206295
2021-02-10 08:00:00.000000 +0800,1INCHUSDT,5.0648,5.4206,4.4,4.8912,18078644.38,91814091.363323
2021-02-11 08:00:00.000000 +0800,1INCHUSDT,4.9,5.86,4.673,5.6254,20245238.71,109112374.131212
2021-02-12 08:00:00.000000 +0800,1INCHUSDT,5.6254,5.8,5.1201,5.2528,19898521.86,108774916.711615
2021-02-13 08:00:00.000000 +0800,1INCHUSDT,5.2527,6.024,5.1301,5.7,24181762.86,134444125.199919
2021-02-14 08:00:00.000000 +0800,1INCHUSDT,5.7,6.29,5.1001,5.25,19890398.63,112725860.894121
2021-02-15 08:00:00.000000 +0800,1INCHUSDT,5.25,5.528,4.205,4.95,26654789.16,131896702.781393
2021-02-16 08:00:00.000000 +0800,1INCHUSDT,4.9413,5.1836,4.6124,4.7567,14800214.71,72440427.156593
2021-02-17 08:00:00.000000 +0800,1INCHUSDT,4.7625,5.0699,4.4,4.828,14650901.3,70126670.741956
2021-02-18 08:00:00.000000 +0800,1INCHUSDT,4.8307,5.1749,4.71,4.7718,12007663.61,59508058.420068
2021-02-19 08:00:00.000000 +0800,1INCHUSDT,4.7803,4.8697,4.5,4.6031,12795377.82,59944880.896921
2021-02-20 08:00:00.000000 +0800,1INCHUSDT,4.604,5.8976,4.44,5.1293,34051875.95,177945251.819955
2021-02-21 08:00:00.000000 +0800,1INCHUSDT,5.1104,5.4783,4.9087,5.0575,15660772.77,81564170.483391
2021-02-22 08:00:00.000000 +0800,1INCHUSDT,5.0575,5.0706,3.6047,4.5317,19020054.6,86105397.136782
2021-02-23 08:00:00.000000 +0800,1INCHUSDT,4.5351,4.5759,3,3.6811,24574982.07,88775632.081063
2021-02-24 08:00:00.000000 +0800,1INCHUSDT,3.6938,4.1635,3.4083,3.6436,16484825.41,62386155.172209
2021-02-25 08:00:00.000000 +0800,1INCHUSDT,3.6447,4.66,3.51,3.9342,33369910.61,139088001.165054
2021-02-26 08:00:00.000000 +0800,1INCHUSDT,3.9355,5.1676,3.7764,4.4897,48877825.62,221285561.48857
2021-02-27 08:00:00.000000 +0800,1INCHUSDT,4.4984,4.865,4.01,4.1598,18105346.55,80444145.542601
2021-02-28 08:00:00.000000 +0800,1INCHUSDT,4.1492,4.1813,3.5,3.8407,18129452.19,68685260.087926
2021-03-01 08:00:00.000000 +0800,1INCHUSDT,3.8408,4.2,3.777,4.1194,13458342.81,54030164.996279
2021-03-02 08:00:00.000000 +0800,1INCHUSDT,4.1194,4.3556,3.81,4.0087,14640989.02,60321912.293036
2021-03-03 08:00:00.000000 +0800,1INCHUSDT,4.011,4.3177,3.986,4.0648,11383448.93,47278919.475559
2021-03-04 08:00:00.000000 +0800,1INCHUSDT,4.0685,4.2387,3.7501,3.8366,10471212.59,41868419.004986
2021-03-05 08:00:00.000000 +0800,1INCHUSDT,3.8367,3.85,3.52,3.7287,9671184.6,35600870.739959
2021-03-06 08:00:00.000000 +0800,1INCHUSDT,3.7327,3.8647,3.6051,3.8626,6060340.49,22750338.582346
2021-03-07 08:00:00.000000 +0800,1INCHUSDT,3.8646,4.11,3.7818,3.9827,13306385.89,52320759.933592
2021-03-08 08:00:00.000000 +0800,1INCHUSDT,3.988,4.4662,3.85,4.3249,17296288.32,71601697.699446
2021-03-09 08:00:00.000000 +0800,1INCHUSDT,4.3249,4.555,4.2001,4.4366,14316973.66,62924246.408656
2021-03-10 08:00:00.000000 +0800,1INCHUSDT,4.4365,4.5225,3.93,4.0047,15201804.11,63538319.696569
2021-03-11 08:00:00.000000 +0800,1INCHUSDT,4.0078,4.14,3.8888,3.9999,11027070.39,44049883.953324
2021-03-12 08:00:00.000000 +0800,1INCHUSDT,3.9999,4.142,3.68,3.8026,12205621.5,47935983.544903
2021-03-13 08:00:00.000000 +0800,1INCHUSDT,3.8022,4.2434,3.6302,4.0955,11561642.75,46036996.834336
2021-03-14 08:00:00.000000 +0800,1INCHUSDT,4.1002,4.22,3.83,3.8322,9394966.82,37572927.958102
2021-03-15 08:00:00.000000 +0800,1INCHUSDT,3.8358,4.3835,3.72,3.9417,17288039.45,70665172.165573
2021-03-16 08:00:00.000000 +0800,1INCHUSDT,3.9435,4.6426,3.787,4.5603,19586894.48,82396338.975812
2021-03-17 08:00:00.000000 +0800,1INCHUSDT,4.5603,5.034,4.2512,5.034,19719763.14,89795445.040097
2021-03-18 08:00:00.000000 +0800,1INCHUSDT,5.0295,5.0981,4.5445,4.5727,12001106.42,57415013.352423
2021-03-19 08:00:00.000000 +0800,1INCHUSDT,4.5729,5.2445,4.4555,4.8866,13864407.44,68335828.505284
2021-03-20 08:00:00.000000 +0800,1INCHUSDT,4.8915,5.1968,4.68,4.7019,7774200.53,38661762.181767
2021-03-21 08:00:00.000000 +0800,1INCHUSDT,4.7027,4.794,4.487,4.6725,6862976.25,31912826.707292
2021-03-22 08:00:00.000000 +0800,1INCHUSDT,4.6701,4.8481,4.1885,4.3,9856002.76,45263710.636671
2021-03-23 08:00:00.000000 +0800,1INCHUSDT,4.3,4.4757,4,4.0854,10177546.44,43054417.184838
2021-03-24 08:00:00.000000 +0800,1INCHUSDT,4.0854,4.3403,3.5747,3.7154,9760063.2,39323427.665897
2021-03-25 08:00:00.000000 +0800,1INCHUSDT,3.7112,3.8909,3.567,3.669,7917447.23,29403135.816634
2021-03-26 08:00:00.000000 +0800,1INCHUSDT,3.6654,4.09,3.6633,4.0015,5700708.68,22271649.910758
2021-03-27 08:00:00.000000 +0800,1INCHUSDT,4.0015,4.0647,3.7958,3.9929,6023746.84,23818007.224139
2021-03-28 08:00:00.000000 +0800,1INCHUSDT,3.9917,4.23,3.9377,4.0882,5936030.12,24392896.237025
2021-03-29 08:00:00.000000 +0800,1INCHUSDT,4.0876,4.6327,4.0245,4.6043,12346108.75,53535239.252557
2021-03-30 08:00:00.000000 +0800,1INCHUSDT,4.6042,4.6855,4.4285,4.5032,6663304.48,30338318.388735
2021-03-31 08:00:00.000000 +0800,1INCHUSDT,4.5025,4.5489,4.1095,4.3409,6397011.92,27821391.171738
2021-04-01 08:00:00.000000 +0800,1INCHUSDT,4.3422,4.5172,4.2542,4.4501,6249436.8,27544173.4513
2021-04-02 08:00:00.000000 +0800,1INCHUSDT,4.4536,4.6969,4.3841,4.6698,7056818.81,31922122.469484
2021-04-03 08:00:00.000000 +0800,1INCHUSDT,4.6707,4.7999,4.233,4.2403,8655285.81,39679688.096643
2021-04-04 08:00:00.000000 +0800,1INCHUSDT,4.2403,4.702,4.1351,4.57,6913010.42,30787942.340277
2021-04-05 08:00:00.000000 +0800,1INCHUSDT,4.57,5.375,4.4219,5.3133,18777292.51,93246645.36623
2021-04-06 08:00:00.000000 +0800,1INCHUSDT,5.3108,5.83,5.1319,5.1768,22060257.44,120260457.447526
2021-04-07 08:00:00.000000 +0800,1INCHUSDT,5.1776,5.948,4.5029,5.568,37255685.68,200945730.00626
2021-04-08 08:00:00.000000 +0800,1INCHUSDT,5.5726,6.5602,5.4583,6.1887,34239315.47,211384946.570317
2021-04-09 08:00:00.000000 +0800,1INCHUSDT,6.1887,6.67,5.9309,6.1117,22174875.31,138954392.385267
2021-04-10 08:00:00.000000 +0800,1INCHUSDT,6.1063,6.1112,5.528,5.7303,15135803.45,88867596.991632
2021-04-11 08:00:00.000000 +0800,1INCHUSDT,5.7309,6,5.5441,5.6706,7638188.12,43779760.980699
2021-04-12 08:00:00.000000 +0800,1INCHUSDT,5.6733,5.8313,5.2598,5.4953,10460925.84,58177592.131252
2021-04-13 08:00:00.000000 +0800,1INCHUSDT,5.4937,5.8073,5.4192,5.6116,9779114.7,54715001.536644
2021-04-14 08:00:00.000000 +0800,1INCHUSDT,5.6116,6.0149,5.43,5.876,13120252.19,75420723.288117
2021-04-15 08:00:00.000000 +0800,1INCHUSDT,5.8801,6.4,5.7688,6.0839,11891345.75,72527499.65103
2021-04-16 08:00:00.000000 +0800,1INCHUSDT,6.0865,6.1424,5.5967,5.8107,7951714.19,46463176.290401
2021-04-17 08:00:00.000000 +0800,1INCHUSDT,5.8131,6.5333,5.81,6.4639,11317813.33,69105803.461967
2021-04-18 08:00:00.000000 +0800,1INCHUSDT,6.4575,6.65,4.5,5.2943,19031591.57,102852898.083993
2021-04-19 08:00:00.000000 +0800,1INCHUSDT,5.2928,5.4598,4.7038,4.8463,8886544.64,45087963.090007
2021-04-20 08:00:00.000000 +0800,1INCHUSDT,4.8463,5.2122,4.423,5.0184,10305176.44,49998562.44209
2021-04-21 08:00:00.000000 +0800,1INCHUSDT,5.0157,5.2866,4.8492,5.02,10558626.72,53580079.505745
2021-04-22 08:00:00.000000 +0800,1INCHUSDT,5.0179,5.3477,4.5234,4.5867,11918495.01,59482315.27792
2021-04-23 08:00:00.000000 +0800,1INCHUSDT,4.585,4.6912,3.7536,4.2824,15264994.45,62806594.164257
2021-04-24 08:00:00.000000 +0800,1INCHUSDT,4.2818,4.2834,3.9151,3.9538,6221627.21,25408048.08451
2021-04-25 08:00:00.000000 +0800,1INCHUSDT,3.9509,4.2499,3.785,3.9961,4582203.84,18365823.798212
2021-04-26 08:00:00.000000 +0800,1INCHUSDT,3.9969,4.5754,3.9411,4.5488,6735735.64,29513861.489522
2021-04-27 08:00:00.000000 +0800,1INCHUSDT,4.5488,5.1554,4.4605,5.1137,10264132.39,49882648.147407
2021-04-28 08:00:00.000000 +0800,1INCHUSDT,5.1134,5.7879,4.7024,5.5507,21702420.58,116030126.567178
2021-04-29 08:00:00.000000 +0800,1INCHUSDT,5.5515,5.91,5.2161,5.471,14639435.6,81691328.565081
2021-04-30 08:00:00.000000 +0800,1INCHUSDT,5.4701,5.761,5.3343,5.64,8261973.38,46045311.216626
2021-05-01 08:00:00.000000 +0800,1INCHUSDT,5.6389,5.7743,5.3344,5.5239,5663187.17,31396472.394734
2021-05-02 08:00:00.000000 +0800,1INCHUSDT,5.5239,5.5351,5.1278,5.3614,4781431.16,25562280.362631
2021-05-03 08:00:00.000000 +0800,1INCHUSDT,5.3612,5.95,5.3525,5.8675,8928929.78,51010110.243716
2021-05-04 08:00:00.000000 +0800,1INCHUSDT,5.869,5.9084,5.2032,5.2422,11357020.69,63034621.910143
2021-05-05 08:00:00.000000 +0800,1INCHUSDT,5.2431,6.2879,5.1855,5.9842,13538249.21,78449209.197352
2021-05-06 08:00:00.000000 +0800,1INCHUSDT,5.9869,7.56,5.8699,6.6062,42831561.24,294379314.973094
2021-05-07 08:00:00.000000 +0800,1INCHUSDT,6.6078,7.1225,6.2973,6.5777,14084314.87,95029944.34047
2021-05-08 08:00:00.000000 +0800,1INCHUSDT,6.5813,7.8748,6.4688,7.4832,20093486.35,146565028.727362
2021-05-09 08:00:00.000000 +0800,1INCHUSDT,7.4873,7.5302,6.7212,7.0801,16256909.99,114379939.512994
2021-05-10 08:00:00.000000 +0800,1INCHUSDT,7.0806,7.1879,5.5342,6.1775,14792762.02,97050558.427561
2021-05-11 08:00:00.000000 +0800,1INCHUSDT,6.1775,6.5367,5.8,6.535,10398149.53,64416417.794044
2021-05-12 08:00:00.000000 +0800,1INCHUSDT,6.5338,6.9258,5.4557,5.6127,15029262.02,96725424.933711
2021-05-13 08:00:00.000000 +0800,1INCHUSDT,5.6098,6.1,5.1574,5.5713,15145067.87,84429792.638381
2021-05-14 08:00:00.000000 +0800,1INCHUSDT,5.5732,5.9385,5.25,5.7383,8465404.09,48460843.037077
2021-05-15 08:00:00.000000 +0800,1INCHUSDT,5.741,6.0487,5.2365,5.2564,10544232.19,59687553.855681
2021-05-16 08:00:00.000000 +0800,1INCHUSDT,5.2563,5.6377,4.65,5.1263,13849370.1,71151028.077004
2021-05-17 08:00:00.000000 +0800,1INCHUSDT,5.1261,5.1633,4.4307,4.7037,11605220.21,55820440.311271
2021-05-18 08:00:00.000000 +0800,1INCHUSDT,4.7045,5.4,4.6412,5.2662,13777058.16,69957670.676883
2021-05-19 08:00:00.000000 +0800,1INCHUSDT,5.268,5.4228,2.6401,3.2102,35678870.31,134988386.91118
2021-05-20 08:00:00.000000 +0800,1INCHUSDT,3.2128,3.96,2.7369,3.5959,20423893.94,70441082.224749
2021-05-21 08:00:00.000000 +0800,1INCHUSDT,3.6039,3.8155,2.6418,3.1169,16658585.42,53727666.265513
2021-05-22 08:00:00.000000 +0800,1INCHUSDT,3.1176,3.2793,2.6335,2.7226,14015960.7,40289584.71486
2021-05-23 08:00:00.000000 +0800,1INCHUSDT,2.725,2.8838,1.7777,2.3355,20568168.94,46337002.617145
2021-05-24 08:00:00.000000 +0800,1INCHUSDT,2.3344,3.0106,2.29,2.9475,16333699.84,43819216.879785
2021-05-25 08:00:00.000000 +0800,1INCHUSDT,2.95,3.1002,2.5314,2.8913,11467021.03,31863038.136264
2021-05-26 08:00:00.000000 +0800,1INCHUSDT,2.8907,3.5,2.8314,3.4259,14637848.76,47330913.496074
2021-05-27 08:00:00.000000 +0800,1INCHUSDT,3.4239,3.45,2.9685,3.2803,8182522.21,26424359.028736
2021-05-28 08:00:00.000000 +0800,1INCHUSDT,3.2836,3.3718,2.6083,2.7571,12764961.2,37342895.017933
2021-05-29 08:00:00.000000 +0800,1INCHUSDT,2.7573,2.9816,2.4408,2.5678,8491591.83,22920755.09504
2021-05-30 08:00:00.000000 +0800,1INCHUSDT,2.5698,2.9865,2.4032,2.8861,7369553.03,20158255.675278
2021-05-31 08:00:00.000000 +0800,1INCHUSDT,2.8835,3.2928,2.7458,3.2055,9404364.5,28997131.167386
2021-06-01 08:00:00.000000 +0800,1INCHUSDT,3.2071,3.269,2.9881,3.1195,6391948.42,19984759.75755
2021-06-02 08:00:00.000000 +0800,1INCHUSDT,3.1219,3.5775,3.0402,3.3752,11806631.49,40200686.631559
2021-06-03 08:00:00.000000 +0800,1INCHUSDT,3.3753,3.5957,3.3241,3.4946,8481519.35,29410069.854682
2021-06-04 08:00:00.000000 +0800,1INCHUSDT,3.4959,3.72,3.103,3.372,17217578.81,58806738.940966
2021-06-05 08:00:00.000000 +0800,1INCHUSDT,3.3761,4.0151,3.3376,3.6846,17722025.59,66461623.969574
2021-06-06 08:00:00.000000 +0800,1INCHUSDT,3.6846,4.1176,3.6356,3.9098,11968479.39,46628742.116088
2021-06-07 08:00:00.000000 +0800,1INCHUSDT,3.9098,3.9153,3.3437,3.4055,7310939.63,26889491.565056
2021-06-08 08:00:00.000000 +0800,1INCHUSDT,3.4031,3.461,2.845,3.0961,10905697.98,34220020.291891
2021-06-09 08:00:00.000000 +0800,1INCHUSDT,3.0929,3.2391,2.8758,3.1915,17700896.51,54527762.698732
2021-06-10 08:00:00.000000 +0800,1INCHUSDT,3.1915,3.26,2.8455,3.0122,9364701.16,28616882.835298
2021-06-11 08:00:00.000000 +0800,1INCHUSDT,3.0136,3.077,2.6621,2.7426,6674942.81,19135030.187377
2021-06-12 08:00:00.000000 +0800,1INCHUSDT,2.7404,2.8813,2.5172,2.7253,6647505.14,17633009.815014
2021-06-13 08:00:00.000000 +0800,1INCHUSDT,2.7268,3.048,2.6167,3.0067,7709471.01,21893962.330966
2021-06-14 08:00:00.000000 +0800,1INCHUSDT,3.0021,3.885,2.92,3.685,30227192.08,106469597.090804
2021-06-15 08:00:00.000000 +0800,1INCHUSDT,3.6895,3.8005,3.523,3.7449,8324004.91,30420822.005158
2021-06-16 08:00:00.000000 +0800,1INCHUSDT,3.7447,3.9499,3.546,3.5968,10163886.09,38127842.277916
2021-06-17 08:00:00.000000 +0800,1INCHUSDT,3.5952,3.739,3.2886,3.4118,11079189.84,38717329.659274
2021-06-18 08:00:00.000000 +0800,1INCHUSDT,3.4116,3.4237,3.0315,3.164,6483454.85,20835832.228339
2021-06-19 08:00:00.000000 +0800,1INCHUSDT,3.1645,3.2088,3.0048,3.0149,4846391.65,15062790.791535
2021-06-20 08:00:00.000000 +0800,1INCHUSDT,3.0153,3.4941,2.8065,3.398,8970178.43,27620171.676676
2021-06-21 08:00:00.000000 +0800,1INCHUSDT,3.3972,3.49,2.5888,2.6649,20145869.54,60752411.570368
2021-06-22 08:00:00.000000 +0800,1INCHUSDT,2.6642,2.8553,2.07,2.4061,18916359.63,46382445.095644
2021-06-23 08:00:00.000000 +0800,1INCHUSDT,2.4056,2.8365,2.27,2.6118,11334158.46,29787764.126664
2021-06-24 08:00:00.000000 +0800,1INCHUSDT,2.6131,2.7932,2.444,2.7279,6378278.46,16819810.375325
2021-06-25 08:00:00.000000 +0800,1INCHUSDT,2.7279,2.7948,2.32,2.3379,9466229.66,23736782.757557
2021-06-26 08:00:00.000000 +0800,1INCHUSDT,2.3382,2.4561,2.2,2.351,6457446.55,14840674.704954
2021-06-27 08:00:00.000000 +0800,1INCHUSDT,2.3517,2.5177,2.292,2.5061,5134914.36,12283326.56218
2021-06-28 08:00:00.000000 +0800,1INCHUSDT,2.5058,2.6171,2.3256,2.4757,13952675.7,34081282.815736
2021-06-29 08:00:00.000000 +0800,1INCHUSDT,2.4757,2.7039,2.4541,2.5435,8658193.3,22454894.538298
2021-06-30 08:00:00.000000 +0800,1INCHUSDT,2.5414,2.5744,2.3369,2.5355,6341897.46,15641864.563555
2021-07-01 08:00:00.000000 +0800,1INCHUSDT,2.5359,2.5375,2.3142,2.3666,4084411.65,9751888.136193
2021-07-02 08:00:00.000000 +0800,1INCHUSDT,2.3681,2.4093,2.2625,2.3928,3648680.59,8524579.276699
2021-07-03 08:00:00.000000 +0800,1INCHUSDT,2.3945,2.4954,2.3316,2.4853,4092690.28,9936465.949964
2021-07-04 08:00:00.000000 +0800,1INCHUSDT,2.4865,2.6712,2.4112,2.531,5943379.43,15238010.529176
2021-07-05 08:00:00.000000 +0800,1INCHUSDT,2.5336,2.5494,2.3461,2.4877,6302198.08,15400765.710701
2021-07-06 08:00:00.000000 +0800,1INCHUSDT,2.4889,2.931,2.485,2.8363,13670762.38,37548178.108131
2021-07-07 08:00:00.000000 +0800,1INCHUSDT,2.8363,2.969,2.7431,2.7612,6260041.82,17774890.817534
2021-07-08 08:00:00.000000 +0800,1INCHUSDT,2.7585,2.7752,2.4578,2.5082,5010661.08,13039106.977227
2021-07-09 08:00:00.000000 +0800,1INCHUSDT,2.5088,2.63,2.4096,2.5784,4446408.95,11228391.298864
2021-07-10 08:00:00.000000 +0800,1INCHUSDT,2.5776,2.6285,2.43,2.4896,2937836.08,7369106.753796
2021-07-11 08:00:00.000000 +0800,1INCHUSDT,2.4896,2.574,2.432,2.5177,2389443.22,5991491.988519
2021-07-12 08:00:00.000000 +0800,1INCHUSDT,2.5196,2.59,2.374,2.4208,3676631.86,9097692.142354
2021-07-13 08:00:00.000000 +0800,1INCHUSDT,2.4191,2.4554,2.2826,2.3207,3761776.3,8922950.915641
2021-07-14 08:00:00.000000 +0800,1INCHUSDT,2.3208,2.36,2.1766,2.2932,4363146.69,9911085.436947
2021-07-15 08:00:00.000000 +0800,1INCHUSDT,2.2913,2.3507,2.12,2.1463,5644553.93,12525373.865735
2021-07-16 08:00:00.000000 +0800,1INCHUSDT,2.1474,2.223,1.9516,1.9643,9437168.1,19354913.061957
2021-07-17 08:00:00.000000 +0800,1INCHUSDT,1.9645,2.0863,1.95,2.0137,3976867.04,8013218.225725
2021-07-18 08:00:00.000000 +0800,1INCHUSDT,2.0132,2.119,1.9966,2.0297,3195017.43,6538118.888585
2021-07-19 08:00:00.000000 +0800,1INCHUSDT,2.0297,2.0482,1.7783,1.7877,6164446.57,11591541.550759
2021-07-20 08:00:00.000000 +0800,1INCHUSDT,1.7881,1.8261,1.618,1.7088,7921833.78,13436119.00763
2021-07-21 08:00:00.000000 +0800,1INCHUSDT,1.7092,1.9174,1.6598,1.8302,6203894.97,11259857.316393
2021-07-22 08:00:00.000000 +0800,1INCHUSDT,1.83,2.0869,1.7813,2.0385,9771644.37,18647863.134656
2021-07-23 08:00:00.000000 +0800,1INCHUSDT,2.0385,2.15,1.9433,2.1147,12018707.66,24766782.528837
2021-07-24 08:00:00.000000 +0800,1INCHUSDT,2.1147,2.1483,1.9848,2.042,9563492.09,19842203.294972
2021-07-25 08:00:00.000000 +0800,1INCHUSDT,2.0416,2.1292,1.9456,2.0447,10784061.37,21877712.140809
2021-07-26 08:00:00.000000 +0800,1INCHUSDT,2.0442,2.3537,2.0188,2.1375,21221218.66,47411636.554126
2021-07-27 08:00:00.000000 +0800,1INCHUSDT,2.1373,2.2204,2.0746,2.2169,8149723.81,17602096.971048
2021-07-28 08:00:00.000000 +0800,1INCHUSDT,2.2173,2.2498,2.1334,2.1886,6382206.87,13940636.67926
2021-07-29 08:00:00.000000 +0800,1INCHUSDT,2.1896,2.2617,2.1447,2.2446,4945871.19,10951828.951328
2021-07-30 08:00:00.000000 +0800,1INCHUSDT,2.2456,2.323,2.165,2.3043,8741586.78,19595541.669636
2021-07-31 08:00:00.000000 +0800,1INCHUSDT,2.3045,2.443,2.2606,2.3755,9922832.8,23477273.144306
2021-08-01 08:00:00.000000 +0800,1INCHUSDT,2.3776,2.4854,2.29,2.317,7429086.46,17875616.078838
2021-08-02 08:00:00.000000 +0800,1INCHUSDT,2.3171,2.3913,2.2759,2.3057,5069637.1,11834837.741294
2021-08-03 08:00:00.000000 +0800,1INCHUSDT,2.3044,2.3465,2.1819,2.2235,4674698.28,10506368.677009
2021-08-04 08:00:00.000000 +0800,1INCHUSDT,2.2232,2.4095,2.1886,2.343,8417289.24,19562441.097788
2021-08-05 08:00:00.000000 +0800,1INCHUSDT,2.3423,2.4399,2.2274,2.4186,12056125.65,28357604.756232
2021-08-06 08:00:00.000000 +0800,1INCHUSDT,2.4194,2.5635,2.352,2.5134,10299493.13,25431564.567214
2021-08-07 08:00:00.000000 +0800,1INCHUSDT,2.5138,2.7197,2.4895,2.7041,12657991.2,33089878.837129
2021-08-08 08:00:00.000000 +0800,1INCHUSDT,2.7025,2.7099,2.4475,2.4907,8016978.1,20610530.323999
2021-08-09 08:00:00.000000 +0800,1INCHUSDT,2.4913,2.8357,2.4,2.7609,13253022.18,35315091.048111
2021-08-10 08:00:00.000000 +0800,1INCHUSDT,2.7584,2.8669,2.6699,2.7914,12123266.31,33650182.683664
2021-08-11 08:00:00.000000 +0800,1INCHUSDT,2.7926,3.1013,2.7833,2.9358,15200105.46,45033008.356531
2021-08-12 08:00:00.000000 +0800,1INCHUSDT,2.935,3.0623,2.7018,2.8109,11080078.67,31499365.446585
2021-08-13 08:00:00.000000 +0800,1INCHUSDT,2.8089,3.0758,2.79,3.0716,8656278,25748982.676445
2021-08-14 08:00:00.000000 +0800,1INCHUSDT,3.0718,3.1083,2.9121,3.0566,8486926.14,25601916.496953
2021-08-15 08:00:00.000000 +0800,1INCHUSDT,3.0569,3.089,2.8978,3.0447,6987477.71,20831850.664647
2021-08-16 08:00:00.000000 +0800,1INCHUSDT,3.0454,3.298,2.9818,3.0341,14037098.45,44187409.940855
2021-08-17 08:00:00.000000 +0800,1INCHUSDT,3.0374,3.3949,2.9721,3.0772,20916377.09,66445496.340118
2021-08-18 08:00:00.000000 +0800,1INCHUSDT,3.0784,3.2616,2.94,3.1112,15670072.38,48715444.806709
2021-08-19 08:00:00.000000 +0800,1INCHUSDT,3.1127,3.4624,3.07,3.4264,16662455.4,54944705.580491
2021-08-20 08:00:00.000000 +0800,1INCHUSDT,3.4264,3.6215,3.366,3.4481,13273429.55,46418460.535554
2021-08-21 08:00:00.000000 +0800,1INCHUSDT,3.446,3.5319,3.3326,3.3636,10939287.85,37624956.665293
2021-08-22 08:00:00.000000 +0800,1INCHUSDT,3.3623,3.5,3.2589,3.3849,7344099.85,24841870.122908
2021-08-23 08:00:00.000000 +0800,1INCHUSDT,3.3861,3.492,3.3191,3.4073,7239235.76,24675264.123505
2021-08-24 08:00:00.000000 +0800,1INCHUSDT,3.4049,3.5042,3.0193,3.064,11004420.09,36071691.896971
2021-08-25 08:00:00.000000 +0800,1INCHUSDT,3.0626,3.1988,2.944,3.1781,7318233.9,22618643.845648
2021-08-26 08:00:00.000000 +0800,1INCHUSDT,3.1782,3.2117,2.854,2.92,7070922.86,21162900.307328
2021-08-27 08:00:00.000000 +0800,1INCHUSDT,2.918,3.275,2.836,3.214,12058169.26,37570056.196156
2021-08-28 08:00:00.000000 +0800,1INCHUSDT,3.214,3.357,3.181,3.282,9280117.13,30479158.555798
2021-08-29 08:00:00.000000 +0800,1INCHUSDT,3.286,3.32,3.104,3.153,5832488,18565606.3514
2021-08-30 08:00:00.000000 +0800,1INCHUSDT,3.153,3.173,2.997,3.01,6932276.6,21370929.6958
2021-08-31 08:00:00.000000 +0800,1INCHUSDT,3.011,3.213,2.948,3.055,9666747.1,29838158.6419
2021-09-01 08:00:00.000000 +0800,1INCHUSDT,3.051,3.374,2.978,3.341,13063215.99,42122052.351713
2021-09-02 08:00:00.000000 +0800,1INCHUSDT,3.342,3.435,3.255,3.352,10736433.84,35991493.761165
2021-09-03 08:00:00.000000 +0800,1INCHUSDT,3.353,3.672,3.27,3.572,14501697.71,50469535.970489
2021-09-04 08:00:00.000000 +0800,1INCHUSDT,3.572,3.777,3.479,3.682,12234933.3,44503474.097899
2021-09-05 08:00:00.000000 +0800,1INCHUSDT,3.682,4.012,3.652,3.834,14161241.1,54803273.344576
2021-09-06 08:00:00.000000 +0800,1INCHUSDT,3.834,3.96,3.538,3.71,11346604.3,42772646.88
2021-09-07 08:00:00.000000 +0800,1INCHUSDT,3.709,3.747,2.546,2.934,22648492.58,71009310.881713
2021-09-08 08:00:00.000000 +0800,1INCHUSDT,2.933,3.018,2.579,2.919,13556570.6,38534433.5979
2021-09-09 08:00:00.000000 +0800,1INCHUSDT,2.918,3.2,2.831,3.034,10404409.1,31715230.0977
2021-09-10 08:00:00.000000 +0800,1INCHUSDT,3.031,3.167,2.731,2.883,7725445.6,22607386.3107
2021-09-11 08:00:00.000000 +0800,1INCHUSDT,2.883,3.026,2.828,2.91,4709622.5,13836347.547
2021-09-12 08:00:00.000000 +0800,1INCHUSDT,2.911,3.117,2.822,2.989,6119985.8,18320268.1234
2021-09-13 08:00:00.000000 +0800,1INCHUSDT,2.987,3.015,2.693,2.841,5948726.6,16830753.8319
2021-09-14 08:00:00.000000 +0800,1INCHUSDT,2.84,3.109,2.814,3.073,8382277.2,25077464.1542
2021-09-15 08:00:00.000000 +0800,1INCHUSDT,3.073,3.332,3.012,3.3,12368664,39122935.09
2021-09-16 08:00:00.000000 +0800,1INCHUSDT,3.298,3.515,3.183,3.326,19280157.5,64832325.5207
2021-09-17 08:00:00.000000 +0800,1INCHUSDT,3.327,3.366,3.015,3.119,9300080.8,29343142.4977
2021-09-18 08:00:00.000000 +0800,1INCHUSDT,3.119,3.317,3.063,3.133,7607842,24391781.1662
2021-09-19 08:00:00.000000 +0800,1INCHUSDT,3.133,3.143,2.905,2.945,5719372,17354195.8543
2021-09-20 08:00:00.000000 +0800,1INCHUSDT,2.947,2.955,2.5,2.576,11625961.71,31544471.024986
2021-09-21 08:00:00.000000 +0800,1INCHUSDT,2.575,2.665,2.24,2.321,11104894.31,27645949.062035
2021-09-22 08:00:00.000000 +0800,1INCHUSDT,2.32,2.689,2.261,2.629,9925240.9,24702984.6626
2021-09-23 08:00:00.000000 +0800,1INCHUSDT,2.63,2.9,2.557,2.778,10139355.2,27433160.6398
2021-09-24 08:00:00.000000 +0800,1INCHUSDT,2.776,2.844,2.363,2.547,11142098.7,28704121.3642
2021-09-25 08:00:00.000000 +0800,1INCHUSDT,2.546,2.598,2.434,2.49,5867441.2,14760235.4177
2021-09-26 08:00:00.000000 +0800,1INCHUSDT,2.489,2.85,2.214,2.679,17272399.34,44447160.7526
2021-09-27 08:00:00.000000 +0800,1INCHUSDT,2.679,2.95,2.513,2.524,15444835.3,42228551.6604
2021-09-28 08:00:00.000000 +0800,1INCHUSDT,2.523,2.615,2.364,2.373,8367781.6,20948632.5358
2021-09-29 08:00:00.000000 +0800,1INCHUSDT,2.371,2.602,2.362,2.499,8903108.3,22152739.788
2021-09-30 08:00:00.000000 +0800,1INCHUSDT,2.498,2.668,2.475,2.554,7921306.2,20350206.1801
2021-10-01 08:00:00.000000 +0800,1INCHUSDT,2.554,2.958,2.541,2.914,15334571.7,42448743.6889
2021-10-02 08:00:00.000000 +0800,1INCHUSDT,2.916,3.169,2.812,3.046,14424144.7,43029070.0573
2021-10-03 08:00:00.000000 +0800,1INCHUSDT,3.045,3.249,2.951,3.079,13954514.4,43650915.7533
2021-10-04 08:00:00.000000 +0800,1INCHUSDT,3.078,3.22,2.888,3.171,13220659.9,40714659.4631
2021-10-05 08:00:00.000000 +0800,1INCHUSDT,3.169,3.333,3.135,3.272,12865498.5,41431734.0823
2021-10-06 08:00:00.000000 +0800,1INCHUSDT,3.274,3.367,2.965,3.116,11703826.7,36669531.1353
2021-10-07 08:00:00.000000 +0800,1INCHUSDT,3.115,3.252,3.021,3.135,8546486.5,26881278.6566
2021-10-08 08:00:00.000000 +0800,1INCHUSDT,3.135,3.289,3.085,3.163,7601891.2,24266365.4694
2021-10-09 08:00:00.000000 +0800,1INCHUSDT,3.164,3.245,3.127,3.198,4004197.6,12785087.0474
2021-10-10 08:00:00.000000 +0800,1INCHUSDT,3.198,3.199,2.938,2.952,5275635.4,16296494.3452
2021-10-11 08:00:00.000000 +0800,1INCHUSDT,2.951,3.059,2.807,2.906,6627180.3,19650598.5573
2021-10-12 08:00:00.000000 +0800,1INCHUSDT,2.905,2.932,2.701,2.898,6525252.8,18393222.7639
2021-10-13 08:00:00.000000 +0800,1INCHUSDT,2.897,3.018,2.826,2.963,8011497.7,23391269.34
2021-10-14 08:00:00.000000 +0800,1INCHUSDT,2.964,3.505,2.953,3.359,23378478.1,77399385.0647
2021-10-15 08:00:00.000000 +0800,1INCHUSDT,3.36,3.38,3.037,3.242,18672133.7,59226436.4065
2021-10-16 08:00:00.000000 +0800,1INCHUSDT,3.242,3.334,3.184,3.211,5373649,17513199.407
2021-10-17 08:00:00.000000 +0800,1INCHUSDT,3.211,3.575,3.154,3.483,17114889.4,58542366.997
2021-10-18 08:00:00.000000 +0800,1INCHUSDT,3.483,3.649,3.298,3.451,17516688.4,60925770.0767
2021-10-19 08:00:00.000000 +0800,1INCHUSDT,3.449,3.77,3.418,3.728,12104318.6,43331214.24
2021-10-20 08:00:00.000000 +0800,1INCHUSDT,3.729,4.24,3.659,4.169,17215761.93,68440899.299225
2021-10-21 08:00:00.000000 +0800,1INCHUSDT,4.169,4.5478,4.051,4.142,18352965.19,79108782.600546
2021-10-22 08:00:00.000000 +0800,1INCHUSDT,4.139,4.35,3.877,4.021,15284964.1,62686525.2653
2021-10-23 08:00:00.000000 +0800,1INCHUSDT,4.022,4.079,3.822,4.019,8001276.8,31658130.4657
2021-10-24 08:00:00.000000 +0800,1INCHUSDT,4.019,4.07,3.684,3.803,10222992.8,39359942.776
2021-10-25 08:00:00.000000 +0800,1INCHUSDT,3.804,4.165,3.763,4.048,9615279.3,38640718.6896
2021-10-26 08:00:00.000000 +0800,1INCHUSDT,4.049,4.196,3.868,3.95,9194048.8,37463042.6761
2021-10-27 08:00:00.000000 +0800,1INCHUSDT,3.949,7.73,3.913,5.72,161293941.49,962972819.606384
2021-10-28 08:00:00.000000 +0800,1INCHUSDT,5.718,5.81,4.726,5.142,30217298.5,155234980.3638
2021-10-29 08:00:00.000000 +0800,1INCHUSDT,5.141,5.58,4.918,5.052,15726931.1,81182620.2953
2021-10-30 08:00:00.000000 +0800,1INCHUSDT,5.052,5.133,4.575,4.693,8933027.7,43187824.5592
2021-10-31 08:00:00.000000 +0800,1INCHUSDT,4.692,4.702,4.3,4.576,12946700.4,58040649.7436
2021-11-01 08:00:00.000000 +0800,1INCHUSDT,4.573,4.677,4.228,4.569,11787786.6,52970179.1109
2021-11-02 08:00:00.000000 +0800,1INCHUSDT,4.565,4.761,4.397,4.624,9518580.2,43827691.3824
2021-11-03 08:00:00.000000 +0800,1INCHUSDT,4.625,4.629,4.324,4.423,8193592.8,36552972.8288
2021-11-04 08:00:00.000000 +0800,1INCHUSDT,4.427,4.609,4.323,4.507,10192607.1,45475434.0935
2021-11-05 08:00:00.000000 +0800,1INCHUSDT,4.505,4.611,4.367,4.393,6370370.1,28513767.9461
2021-11-06 08:00:00.000000 +0800,1INCHUSDT,4.39,4.49,4.133,4.419,7555754.3,32771675.5679
2021-11-07 08:00:00.000000 +0800,1INCHUSDT,4.42,4.621,4.36,4.571,7404798.9,33224899.7128
2021-11-08 08:00:00.000000 +0800,1INCHUSDT,4.572,4.635,4.414,4.629,5860956.6,26416060.2988
2021-11-09 08:00:00.000000 +0800,1INCHUSDT,4.63,4.65,4.416,4.433,6889214.1,31109037.7111
2021-11-10 08:00:00.000000 +0800,1INCHUSDT,4.432,4.732,3.782,4.073,17234942.6,74406885.6024
2021-11-11 08:00:00.000000 +0800,1INCHUSDT,4.074,4.483,4.004,4.276,9900847,42320760.7947
2021-11-12 08:00:00.000000 +0800,1INCHUSDT,4.275,4.276,3.971,4.165,5918915.4,24478829.0976
2021-11-13 08:00:00.000000 +0800,1INCHUSDT,4.164,4.296,4.106,4.272,5723936.1,24041604.1833
2021-11-14 08:00:00.000000 +0800,1INCHUSDT,4.272,4.34,4.146,4.279,4429642.1,18783811.0107
2021-11-15 08:00:00.000000 +0800,1INCHUSDT,4.278,4.36,4.116,4.188,5149401.2,21979595.3897
2021-11-16 08:00:00.000000 +0800,1INCHUSDT,4.189,4.19,3.493,3.846,10727842.8,41615587.9675
2021-11-17 08:00:00.000000 +0800,1INCHUSDT,3.85,3.954,3.69,3.926,6421351.3,24618222.0833
2021-11-18 08:00:00.000000 +0800,1INCHUSDT,3.923,4.022,3.466,3.547,8619650.4,32383470.2562
2021-11-19 08:00:00.000000 +0800,1INCHUSDT,3.546,3.959,3.47,3.886,6971039,26032910.6416
2021-11-20 08:00:00.000000 +0800,1INCHUSDT,3.886,4.025,3.795,3.985,7125380.5,27938058.3416
2021-11-21 08:00:00.000000 +0800,1INCHUSDT,3.985,4.154,3.859,3.987,10979396.3,44215498.0186
2021-11-22 08:00:00.000000 +0800,1INCHUSDT,3.988,4.005,3.75,3.823,8855670.3,34428228.7092
2021-11-23 08:00:00.000000 +0800,1INCHUSDT,3.821,4.145,3.75,4.033,8801552,34784624.1233
2021-11-24 08:00:00.000000 +0800,1INCHUSDT,4.033,4.153,3.896,3.99,15605481.4,62611018.3923
2021-11-25 08:00:00.000000 +0800,1INCHUSDT,3.988,4.308,3.95,4.251,15336429.4,63787900.1506
2021-11-26 08:00:00.000000 +0800,1INCHUSDT,4.25,4.259,3.577,3.67,17699133.6,68172573.2248
2021-11-27 08:00:00.000000 +0800,1INCHUSDT,3.67,3.8,3.639,3.705,6195695.7,23147343.3993
2021-11-28 08:00:00.000000 +0800,1INCHUSDT,3.704,3.708,3.364,3.646,7335571.1,26031289.3028
2021-11-29 08:00:00.000000 +0800,1INCHUSDT,3.648,3.778,3.579,3.753,6373296.6,23396225.595
2021-11-30 08:00:00.000000 +0800,1INCHUSDT,3.753,3.792,3.503,3.544,9833096.9,35466029.0151
2021-12-01 08:00:00.000000 +0800,1INCHUSDT,3.544,4.259,3.516,3.684,46310867.7,180470215.7843
2021-12-02 08:00:00.000000 +0800,1INCHUSDT,3.683,3.684,3.388,3.473,15806216.4,55461582.6084
2021-12-03 08:00:00.000000 +0800,1INCHUSDT,3.473,3.504,3.004,3.133,13765975.2,45554849.115
2021-12-04 08:00:00.000000 +0800,1INCHUSDT,3.134,3.145,1.994,2.675,34804023.66,88827033.791522
2021-12-05 08:00:00.000000 +0800,1INCHUSDT,2.673,2.845,2.523,2.637,15023645.5,40047892.8028
2021-12-06 08:00:00.000000 +0800,1INCHUSDT,2.638,2.681,2.359,2.65,16288696.7,40841175.9871
2021-12-07 08:00:00.000000 +0800,1INCHUSDT,2.649,2.856,2.638,2.677,12699244,34811433.5287
2021-12-08 08:00:00.000000 +0800,1INCHUSDT,2.678,2.79,2.562,2.753,9347812.4,25169574.0676
2021-12-09 08:00:00.000000 +0800,1INCHUSDT,2.753,2.97,2.493,2.499,14985343.9,40894748.2906
2021-12-10 08:00:00.000000 +0800,1INCHUSDT,2.499,2.66,2.464,2.484,9978798.4,25385143.1903
2021-12-11 08:00:00.000000 +0800,1INCHUSDT,2.485,2.619,2.453,2.585,6817022.9,17431768.9239
2021-12-12 08:00:00.000000 +0800,1INCHUSDT,2.586,2.61,2.487,2.547,4604962.6,11715034.2536
2021-12-13 08:00:00.000000 +0800,1INCHUSDT,2.548,2.66,2.229,2.397,14964445.1,36875177.3022
2021-12-14 08:00:00.000000 +0800,1INCHUSDT,2.397,2.59,2.365,2.542,11025162.2,27431210.7858
2021-12-15 08:00:00.000000 +0800,1INCHUSDT,2.542,2.568,2.324,2.551,9459441.9,23367464.4408
2021-12-16 08:00:00.000000 +0800,1INCHUSDT,2.549,2.704,2.53,2.572,8439727.5,22088097.434
2021-12-17 08:00:00.000000 +0800,1INCHUSDT,2.572,2.731,2.39,2.436,9753497.9,24620402.3016
2021-12-18 08:00:00.000000 +0800,1INCHUSDT,2.437,2.615,2.422,2.483,8292973.7,20924707.5253
2021-12-19 08:00:00.000000 +0800,1INCHUSDT,2.483,2.521,2.411,2.423,6048503.7,14912865.4649
2021-12-20 08:00:00.000000 +0800,1INCHUSDT,2.423,2.456,2.3,2.401,6619493.5,15681765.9008
2021-12-21 08:00:00.000000 +0800,1INCHUSDT,2.401,2.47,2.357,2.439,5259665,12773028.9903
2021-12-22 08:00:00.000000 +0800,1INCHUSDT,2.439,2.573,2.423,2.477,10017896.5,24964607.672
2021-12-23 08:00:00.000000 +0800,1INCHUSDT,2.476,2.898,2.438,2.824,24189461.8,65797530.7215
2021-12-24 08:00:00.000000 +0800,1INCHUSDT,2.824,2.98,2.689,2.753,17996390.2,50997459.7964
2021-12-25 08:00:00.000000 +0800,1INCHUSDT,2.754,2.816,2.696,2.731,9231928.8,25360085.1086
2021-12-26 08:00:00.000000 +0800,1INCHUSDT,2.731,2.8,2.627,2.755,9464700.5,25751198.7162
2021-12-27 08:00:00.000000 +0800,1INCHUSDT,2.758,2.982,2.739,2.796,14285074.6,40926402.7987
2021-12-28 08:00:00.000000 +0800,1INCHUSDT,2.797,2.826,2.524,2.539,15721325,41914044.4276
2021-12-29 08:00:00.000000 +0800,1INCHUSDT,2.541,2.596,2.376,2.419,11005352.1,27404945.4461
2021-12-30 08:00:00.000000 +0800,1INCHUSDT,2.417,2.552,2.336,2.467,11192949,27353863.435
2021-12-31 08:00:00.000000 +0800,1INCHUSDT,2.466,2.52,2.343,2.39,8514515.3,20737610.9307
2022-01-01 08:00:00.000000 +0800,1INCHUSDT,2.391,2.537,2.391,2.534,6304715.2,15531028.1475
2022-01-02 08:00:00.000000 +0800,1INCHUSDT,2.534,2.582,2.466,2.554,7336947.4,18580469.6192
2022-01-03 08:00:00.000000 +0800,1INCHUSDT,2.553,2.66,2.497,2.562,11828516,30523050.0574
2022-01-04 08:00:00.000000 +0800,1INCHUSDT,2.562,2.6,2.459,2.478,9652881.7,24500015.7817
2022-01-05 08:00:00.000000 +0800,1INCHUSDT,2.478,2.582,2.2,2.321,13528238,33047982.2367
2022-01-06 08:00:00.000000 +0800,1INCHUSDT,2.323,2.388,2.228,2.347,13597484.8,31284241.4412
2022-01-07 08:00:00.000000 +0800,1INCHUSDT,2.344,2.45,2.117,2.184,17340613.9,38308421.878
2022-01-08 08:00:00.000000 +0800,1INCHUSDT,2.185,2.27,2.034,2.127,10774578.8,23131054.8288
2022-01-09 08:00:00.000000 +0800,1INCHUSDT,2.126,2.202,2.091,2.151,5862549.5,12582563.2432
2022-01-10 08:00:00.000000 +0800,1INCHUSDT,2.15,2.188,1.965,2.077,11140993.5,23030428.87742
2022-01-11 08:00:00.000000 +0800,1INCHUSDT,2.077,2.169,2.03,2.148,6494319.8,13631382.6838
2022-01-12 08:00:00.000000 +0800,1INCHUSDT,2.15,2.261,2.139,2.247,6631899.5,14596450.7964
2022-01-13 08:00:00.000000 +0800,1INCHUSDT,2.248,2.524,2.214,2.346,39179594.6,94559699.0285
2022-01-14 08:00:00.000000 +0800,1INCHUSDT,2.345,2.45,2.263,2.37,10010967.5,23581343.7318
2022-01-15 08:00:00.000000 +0800,1INCHUSDT,2.37,2.427,2.338,2.386,4899082.2,11664838.7128
2022-01-16 08:00:00.000000 +0800,1INCHUSDT,2.386,2.463,2.349,2.435,8374877.3,20255349.1455
2022-01-17 08:00:00.000000 +0800,1INCHUSDT,2.435,2.449,2.196,2.242,8372995,19267886.7694
2022-01-18 08:00:00.000000 +0800,1INCHUSDT,2.244,2.278,2.115,2.189,7222718.3,15756466.4092
2022-01-19 08:00:00.000000 +0800,1INCHUSDT,2.189,2.196,2.061,2.089,7443117.4,15752430.5136
2022-01-20 08:00:00.000000 +0800,1INCHUSDT,2.087,2.239,2.026,2.036,8200234.2,17586787.8265
2022-01-21 08:00:00.000000 +0800,1INCHUSDT,2.034,2.061,1.706,1.842,16671329.73,31465644.686725
2022-01-22 08:00:00.000000 +0800,1INCHUSDT,1.841,1.867,1.5,1.613,16176847.85,26772050.842405
2022-01-23 08:00:00.000000 +0800,1INCHUSDT,1.613,1.713,1.58,1.691,6897967.5,11385531.055
2022-01-24 08:00:00.000000 +0800,1INCHUSDT,1.689,1.69,1.422,1.585,11978928.35,18247049.139236
2022-01-25 08:00:00.000000 +0800,1INCHUSDT,1.585,1.613,1.528,1.593,6952721.1,10920528.3232
2022-01-26 08:00:00.000000 +0800,1INCHUSDT,1.594,1.829,1.574,1.629,12385112,21101135.0057
2022-01-27 08:00:00.000000 +0800,1INCHUSDT,1.628,1.66,1.523,1.588,6608144.3,10540564.4963
2022-01-28 08:00:00.000000 +0800,1INCHUSDT,1.59,1.77,1.55,1.647,9045081,14416152.8111
2022-01-29 08:00:00.000000 +0800,1INCHUSDT,1.647,1.745,1.643,1.713,6693731.6,11394850.1594
2022-01-30 08:00:00.000000 +0800,1INCHUSDT,1.713,1.731,1.624,1.662,3929931.7,6617136.7139
2022-01-31 08:00:00.000000 +0800,1INCHUSDT,1.66,1.698,1.575,1.682,5061907.1,8328615.5959
2022-02-01 08:00:00.000000 +0800,1INCHUSDT,1.682,1.744,1.637,1.706,5514739.7,9302227.3994
2022-02-02 08:00:00.000000 +0800,1INCHUSDT,1.706,1.75,1.603,1.631,5293303.3,8893993.3515
2022-02-03 08:00:00.000000 +0800,1INCHUSDT,1.631,1.665,1.58,1.66,4072652.7,6606046.6059
2022-02-04 08:00:00.000000 +0800,1INCHUSDT,1.66,1.766,1.646,1.764,7780391.7,13294261.9564
2022-02-05 08:00:00.000000 +0800,1INCHUSDT,1.764,1.847,1.747,1.787,6516100,11702137.6396
2022-02-06 08:00:00.000000 +0800,1INCHUSDT,1.788,1.868,1.756,1.859,5375027.6,9785932.4423
2022-02-07 08:00:00.000000 +0800,1INCHUSDT,1.86,1.962,1.799,1.94,6887980.7,13075509.0534
2022-02-08 08:00:00.000000 +0800,1INCHUSDT,1.94,1.983,1.783,1.859,8263251.8,15507445.5189
2022-02-09 08:00:00.000000 +0800,1INCHUSDT,1.86,1.955,1.837,1.923,6579507.4,12452784.718
2022-02-10 08:00:00.000000 +0800,1INCHUSDT,1.923,1.95,1.779,1.799,9186581.4,17212072.0942
2022-02-11 08:00:00.000000 +0800,1INCHUSDT,1.8,1.842,1.679,1.717,5627126.3,9975865.3807
2022-02-12 08:00:00.000000 +0800,1INCHUSDT,1.714,1.74,1.646,1.691,3418141.7,5770937.5316
2022-02-13 08:00:00.000000 +0800,1INCHUSDT,1.691,1.707,1.612,1.657,2937267.8,4890846.7948
2022-02-14 08:00:00.000000 +0800,1INCHUSDT,1.657,1.738,1.621,1.697,5403910.9,9132413.4778
2022-02-15 08:00:00.000000 +0800,1INCHUSDT,1.698,1.802,1.687,1.798,3404717.4,5955337.1797
2022-02-16 08:00:00.000000 +0800,1INCHUSDT,1.798,1.872,1.748,1.8,5538940.2,10040459.7964
2022-02-17 08:00:00.000000 +0800,1INCHUSDT,1.803,1.828,1.643,1.659,6428596.1,11172088.8271
2022-02-18 08:00:00.000000 +0800,1INCHUSDT,1.659,1.68,1.554,1.582,7961020.2,12929601.4061
2022-02-19 08:00:00.000000 +0800,1INCHUSDT,1.581,1.604,1.522,1.581,2894167.3,4541358.9768
2022-02-20 08:00:00.000000 +0800,1INCHUSDT,1.582,1.584,1.456,1.486,4341973.5,6498268.5966
2022-02-21 08:00:00.000000 +0800,1INCHUSDT,1.485,1.553,1.354,1.365,7972147.58,11664258.7572
2022-02-22 08:00:00.000000 +0800,1INCHUSDT,1.366,1.439,1.313,1.422,5189458.22,7140957.7771
2022-02-23 08:00:00.000000 +0800,1INCHUSDT,1.422,1.484,1.382,1.383,4136805.2,5965360.7965
2022-02-24 08:00:00.000000 +0800,1INCHUSDT,1.385,1.395,1.181,1.34,11892884.39,15084314.70934
2022-02-25 08:00:00.000000 +0800,1INCHUSDT,1.341,1.503,1.309,1.451,6010264.7,8318144.1785
2022-02-26 08:00:00.000000 +0800,1INCHUSDT,1.451,1.483,1.41,1.435,3089954.2,4457089.7894
2022-02-27 08:00:00.000000 +0800,1INCHUSDT,1.436,1.539,1.36,1.384,7545710.1,10810016.2468
2022-02-28 08:00:00.000000 +0800,1INCHUSDT,1.384,1.506,1.327,1.504,8626335,12030656.0072
2022-03-01 08:00:00.000000 +0800,1INCHUSDT,1.504,1.553,1.465,1.521,6344021.2,9557386.8484
2022-03-02 08:00:00.000000 +0800,1INCHUSDT,1.522,1.547,1.466,1.497,5495037,8272002.033
2022-03-03 08:00:00.000000 +0800,1INCHUSDT,1.497,1.514,1.402,1.437,3946893.3,5742599.3253
2022-03-04 08:00:00.000000 +0800,1INCHUSDT,1.437,1.442,1.322,1.348,5707293.2,7967510.8248
2022-03-05 08:00:00.000000 +0800,1INCHUSDT,1.348,1.366,1.299,1.358,2504652.5,3353881.9875
2022-03-06 08:00:00.000000 +0800,1INCHUSDT,1.357,1.37,1.291,1.303,3386333.5,4501250.1305
2022-03-07 08:00:00.000000 +0800,1INCHUSDT,1.302,1.333,1.23,1.272,5229646.2,6691678.7876
2022-03-08 08:00:00.000000 +0800,1INCHUSDT,1.271,1.322,1.265,1.297,2967445.2,3836456.8106
2022-03-09 08:00:00.000000 +0800,1INCHUSDT,1.296,1.4,1.288,1.376,4240404.3,5774561.0056
2022-03-10 08:00:00.000000 +0800,1INCHUSDT,1.375,1.472,1.285,1.374,10088429.7,13745341.8376
2022-03-11 08:00:00.000000 +0800,1INCHUSDT,1.374,1.375,1.305,1.319,3583511.4,4777318.6417
2022-03-12 08:00:00.000000 +0800,1INCHUSDT,1.318,1.38,1.316,1.332,3485859.1,4704146.0075
2022-03-13 08:00:00.000000 +0800,1INCHUSDT,1.33,1.417,1.294,1.309,5443497.9,7451709.5278
2022-03-14 08:00:00.000000 +0800,1INCHUSDT,1.308,1.348,1.293,1.335,2679684.5,3542595.2739
2022-03-15 08:00:00.000000 +0800,1INCHUSDT,1.335,1.369,1.286,1.353,2928368.1,3890299.1186
2022-03-16 08:00:00.000000 +0800,1INCHUSDT,1.353,1.543,1.346,1.509,17743365.3,26102904.5382
2022-03-17 08:00:00.000000 +0800,1INCHUSDT,1.509,1.549,1.46,1.482,6555169.1,9808246.6751
2022-03-18 08:00:00.000000 +0800,1INCHUSDT,1.482,1.626,1.448,1.588,15298755.9,23860621.7499
2022-03-19 08:00:00.000000 +0800,1INCHUSDT,1.588,1.745,1.583,1.633,11805212,19600350.7768
2022-03-20 08:00:00.000000 +0800,1INCHUSDT,1.634,1.66,1.529,1.557,7171965.2,11429930.1796
2022-03-21 08:00:00.000000 +0800,1INCHUSDT,1.557,1.595,1.512,1.531,5895618.8,9147450.4887
2022-03-22 08:00:00.000000 +0800,1INCHUSDT,1.531,1.594,1.529,1.547,6419458.5,10044283.5636
2022-03-23 08:00:00.000000 +0800,1INCHUSDT,1.547,1.627,1.521,1.614,7787000,12378265.4836
2022-03-24 08:00:00.000000 +0800,1INCHUSDT,1.613,1.648,1.563,1.63,8976337.3,14431269.2531
2022-03-25 08:00:00.000000 +0800,1INCHUSDT,1.63,1.657,1.544,1.572,6612276.9,10631267.6533
2022-03-26 08:00:00.000000 +0800,1INCHUSDT,1.573,1.635,1.555,1.626,4028358.6,6439904.9669
2022-03-27 08:00:00.000000 +0800,1INCHUSDT,1.626,1.767,1.625,1.747,13533487.9,22993602.0309
2022-03-28 08:00:00.000000 +0800,1INCHUSDT,1.747,1.826,1.704,1.724,10971323.2,19594195.142
2022-03-29 08:00:00.000000 +0800,1INCHUSDT,1.724,1.913,1.721,1.793,12927512.3,23576038.6751
2022-03-30 08:00:00.000000 +0800,1INCHUSDT,1.792,1.89,1.702,1.84,10035078.8,18237586.9481
2022-03-31 08:00:00.000000 +0800,1INCHUSDT,1.84,1.932,1.726,1.777,11429266.4,20943149.8606
2022-04-01 08:00:00.000000 +0800,1INCHUSDT,1.776,1.89,1.667,1.886,8683075.3,15498414.5033
2022-04-02 08:00:00.000000 +0800,1INCHUSDT,1.885,2.1,1.869,1.923,23781819.1,47283536.3711
2022-04-03 08:00:00.000000 +0800,1INCHUSDT,1.923,2.03,1.872,1.979,10296904.6,20216994.3706
2022-04-04 08:00:00.000000 +0800,1INCHUSDT,1.979,2.004,1.801,1.9,10113282.9,19254058.3885
2022-04-05 08:00:00.000000 +0800,1INCHUSDT,1.9,1.935,1.832,1.837,6048482.5,11391331.9703
2022-04-06 08:00:00.000000 +0800,1INCHUSDT,1.837,1.841,1.591,1.602,10426857,17766427.0437
2022-04-07 08:00:00.000000 +0800,1INCHUSDT,1.601,1.667,1.57,1.659,4620196.4,7515444.6328
2022-04-08 08:00:00.000000 +0800,1INCHUSDT,1.658,1.686,1.564,1.577,5194420.2,8496885.0738
2022-04-09 08:00:00.000000 +0800,1INCHUSDT,1.577,1.669,1.574,1.663,3374041.6,5487824.059
2022-04-10 08:00:00.000000 +0800,1INCHUSDT,1.664,1.665,1.582,1.586,2635201.4,4285768.4823
2022-04-11 08:00:00.000000 +0800,1INCHUSDT,1.586,1.603,1.421,1.461,6191289.7,9331015.4864
2022-04-12 08:00:00.000000 +0800,1INCHUSDT,1.462,1.523,1.443,1.515,3964681.3,5903210.4171
2022-04-13 08:00:00.000000 +0800,1INCHUSDT,1.516,1.553,1.488,1.55,3074275.9,4684634.154
2022-04-14 08:00:00.000000 +0800,1INCHUSDT,1.55,1.57,1.482,1.515,3707350.7,5672901.1345
2022-04-15 08:00:00.000000 +0800,1INCHUSDT,1.515,1.543,1.487,1.519,2293204.5,3477411.5935
2022-04-16 08:00:00.000000 +0800,1INCHUSDT,1.52,1.532,1.483,1.512,1524107.1,2299670.894
2022-04-17 08:00:00.000000 +0800,1INCHUSDT,1.512,1.524,1.452,1.461,2329363.2,3480170.3973
2022-04-18 08:00:00.000000 +0800,1INCHUSDT,1.461,1.497,1.379,1.494,3704093.9,5321652.0662
2022-04-19 08:00:00.000000 +0800,1INCHUSDT,1.494,1.542,1.477,1.541,2340430.9,3543013.3913
2022-04-20 08:00:00.000000 +0800,1INCHUSDT,1.54,1.591,1.503,1.543,3356455.9,5182803.461
2022-04-21 08:00:00.000000 +0800,1INCHUSDT,1.544,1.639,1.468,1.492,6764754.7,10717575.7082
2022-04-22 08:00:00.000000 +0800,1INCHUSDT,1.492,1.612,1.468,1.475,6933546.8,10777300.8726
2022-04-23 08:00:00.000000 +0800,1INCHUSDT,1.475,1.48,1.435,1.443,2248600.1,3288532.6373
2022-04-24 08:00:00.000000 +0800,1INCHUSDT,1.442,1.462,1.403,1.419,1687719.1,2418912.4173
2022-04-25 08:00:00.000000 +0800,1INCHUSDT,1.418,1.425,1.31,1.417,4088008.3,5555592.4175
2022-04-26 08:00:00.000000 +0800,1INCHUSDT,1.418,1.426,1.256,1.288,3242896.8,4354801.2856
2022-04-27 08:00:00.000000 +0800,1INCHUSDT,1.288,1.347,1.269,1.322,2942010.2,3873721.0548
2022-04-28 08:00:00.000000 +0800,1INCHUSDT,1.321,1.353,1.283,1.304,6468127.1,8492768.5261
2022-04-29 08:00:00.000000 +0800,1INCHUSDT,1.304,1.312,1.227,1.26,3722888.6,4712616.4861
2022-04-30 08:00:00.000000 +0800,1INCHUSDT,1.26,1.359,1.071,1.119,9106044.63,11364707.380905
2022-05-01 08:00:00.000000 +0800,1INCHUSDT,1.119,1.177,1.086,1.16,5869184.9,6632401.9493
2022-05-02 08:00:00.000000 +0800,1INCHUSDT,1.159,1.216,1.122,1.176,6136569.8,7176344.6168
2022-05-03 08:00:00.000000 +0800,1INCHUSDT,1.177,1.315,1.155,1.17,5505739.1,6594771.0515
2022-05-04 08:00:00.000000 +0800,1INCHUSDT,1.17,1.29,1.164,1.285,4533629.9,5501254.3677
2022-05-05 08:00:00.000000 +0800,1INCHUSDT,1.285,1.399,1.239,1.288,27783963,36229687.8715
2022-05-06 08:00:00.000000 +0800,1INCHUSDT,1.287,1.374,1.266,1.355,30941838.5,40914044.182
2022-05-07 08:00:00.000000 +0800,1INCHUSDT,1.356,1.359,1.276,1.303,14038920.4,18324506.3297
2022-05-08 08:00:00.000000 +0800,1INCHUSDT,1.303,1.331,1.275,1.301,10464577.1,13655000.4487
2022-05-09 08:00:00.000000 +0800,1INCHUSDT,1.301,1.369,1.001,1.011,27938080.9,34800042.850944
2022-05-10 08:00:00.000000 +0800,1INCHUSDT,1.01,1.139,0.996,1.043,25435998.25,27060636.7634
2022-05-11 08:00:00.000000 +0800,1INCHUSDT,1.041,1.077,0.908,1.015,41067879.9,41646602.892492
2022-05-12 08:00:00.000000 +0800,1INCHUSDT,1.012,1.056,0.705,0.81,27917967.2,23159312.04096
2022-05-13 08:00:00.000000 +0800,1INCHUSDT,0.811,0.951,0.786,0.915,15129754.1,13650519.2031
2022-05-14 08:00:00.000000 +0800,1INCHUSDT,0.916,0.958,0.892,0.941,12967397.1,12038049.429
2022-05-15 08:00:00.000000 +0800,1INCHUSDT,0.941,0.986,0.909,0.979,7241836.8,6799966.648
2022-05-16 08:00:00.000000 +0800,1INCHUSDT,0.979,0.98,0.91,0.923,6416212.8,5957435.9414
2022-05-17 08:00:00.000000 +0800,1INCHUSDT,0.924,0.979,0.916,0.96,6323943.6,5972694.6401
2022-05-18 08:00:00.000000 +0800,1INCHUSDT,0.96,0.97,0.896,0.906,6354145.1,5853956.0619
2022-05-19 08:00:00.000000 +0800,1INCHUSDT,0.906,0.937,0.89,0.931,8382658.2,7654182.2876
2022-05-20 08:00:00.000000 +0800,1INCHUSDT,0.932,0.941,0.905,0.915,5866890.9,5425858.4571
2022-05-21 08:00:00.000000 +0800,1INCHUSDT,0.915,0.972,0.907,0.963,2919048.6,2735921.2011
2022-05-22 08:00:00.000000 +0800,1INCHUSDT,0.963,1.017,0.948,0.997,5389081.1,5305110.1138
2022-05-23 08:00:00.000000 +0800,1INCHUSDT,0.996,1.055,0.944,0.954,7126813.4,7179951.8866
2022-05-24 08:00:00.000000 +0800,1INCHUSDT,0.953,1.03,0.95,0.995,5104610,5061788.0605
2022-05-25 08:00:00.000000 +0800,1INCHUSDT,0.995,1.008,0.953,0.968,3546980,3457976.7833
2022-05-26 08:00:00.000000 +0800,1INCHUSDT,0.967,0.981,0.882,0.914,8065103.2,7404116.3886
2022-05-27 08:00:00.000000 +0800,1INCHUSDT,0.914,0.925,0.886,0.898,5644321.2,5103259.5197
2022-05-28 08:00:00.000000 +0800,1INCHUSDT,0.899,0.927,0.892,0.916,3042572.7,2781092.7756
2022-05-29 08:00:00.000000 +0800,1INCHUSDT,0.916,0.93,0.897,0.921,3131144.8,2857214.7626
2022-05-30 08:00:00.000000 +0800,1INCHUSDT,0.92,1.007,0.91,1.005,6005467.9,5807198.2524
2022-05-31 08:00:00.000000 +0800,1INCHUSDT,1.006,1.014,0.959,0.969,8513820.5,8331841.0003
2022-06-01 08:00:00.000000 +0800,1INCHUSDT,0.969,0.994,0.939,0.951,8541892.7,8219800.0438
2022-06-02 08:00:00.000000 +0800,1INCHUSDT,0.952,0.954,0.9,0.933,12037198.8,11090155.569
2022-06-03 08:00:00.000000 +0800,1INCHUSDT,0.934,0.934,0.86,0.874,8677549.6,7722578.6357
2022-06-04 08:00:00.000000 +0800,1INCHUSDT,0.874,0.882,0.851,0.87,3265404.4,2817279.1757
2022-06-05 08:00:00.000000 +0800,1INCHUSDT,0.869,0.871,0.849,0.859,1891114.4,1625916.8633
2022-06-06 08:00:00.000000 +0800,1INCHUSDT,0.859,0.898,0.856,0.875,6418614.5,5651223.5476
2022-06-07 08:00:00.000000 +0800,1INCHUSDT,0.874,0.875,0.818,0.846,6854869.8,5786141.4005
2022-06-08 08:00:00.000000 +0800,1INCHUSDT,0.846,0.853,0.808,0.817,7735375.5,6437827.26
2022-06-09 08:00:00.000000 +0800,1INCHUSDT,0.816,0.823,0.796,0.803,3944399.6,3208388.6692
2022-06-10 08:00:00.000000 +0800,1INCHUSDT,0.802,0.803,0.743,0.758,5690136.2,4398449.1059
2022-06-11 08:00:00.000000 +0800,1INCHUSDT,0.759,0.772,0.69,0.695,5525600.3,3981166.136793
2022-06-12 08:00:00.000000 +0800,1INCHUSDT,0.696,0.72,0.648,0.651,6873585.8,4636849.3625
2022-06-13 08:00:00.000000 +0800,1INCHUSDT,0.652,0.661,0.565,0.6,15049746.4,9087836.9013
2022-06-14 08:00:00.000000 +0800,1INCHUSDT,0.6,0.606,0.553,0.593,7215656.5,4218928.1905
2022-06-15 08:00:00.000000 +0800,1INCHUSDT,0.592,0.635,0.537,0.631,12499983.04,7185413.89077
2022-06-16 08:00:00.000000 +0800,1INCHUSDT,0.631,0.638,0.568,0.577,9404133.3,5742683.0005
2022-06-17 08:00:00.000000 +0800,1INCHUSDT,0.576,0.602,0.573,0.591,3596834.6,2122110.0974
2022-06-18 08:00:00.000000 +0800,1INCHUSDT,0.59,0.6,0.514,0.553,5448867.1,2974649.1906
2022-06-19 08:00:00.000000 +0800,1INCHUSDT,0.551,0.587,0.529,0.58,4734019.6,2641115.982
2022-06-20 08:00:00.000000 +0800,1INCHUSDT,0.581,0.726,0.558,0.686,19403224,13117747.9239
2022-06-21 08:00:00.000000 +0800,1INCHUSDT,0.686,0.736,0.657,0.691,15408985.1,10841196.2457
2022-06-22 08:00:00.000000 +0800,1INCHUSDT,0.69,0.751,0.646,0.688,15084374.9,10439967.0205
2022-06-23 08:00:00.000000 +0800,1INCHUSDT,0.689,0.716,0.667,0.713,5391759.4,3744919.4057
2022-06-24 08:00:00.000000 +0800,1INCHUSDT,0.713,0.783,0.695,0.754,10480463.7,7731554.1907
2022-06-25 08:00:00.000000 +0800,1INCHUSDT,0.754,0.769,0.696,0.729,6168805.6,4541173.2188
2022-06-26 08:00:00.000000 +0800,1INCHUSDT,0.729,0.786,0.689,0.692,7977476.9,6011120.19
2022-06-27 08:00:00.000000 +0800,1INCHUSDT,0.692,0.725,0.647,0.673,8432329.7,5742312.3406
2022-06-28 08:00:00.000000 +0800,1INCHUSDT,0.673,0.809,0.641,0.742,41498116.5,31426423.6759
2022-06-29 08:00:00.000000 +0800,1INCHUSDT,0.742,0.779,0.694,0.709,10991740.6,8149352.2557
2022-06-30 08:00:00.000000 +0800,1INCHUSDT,0.709,0.751,0.656,0.695,9114411.5,6356694.3977
2022-07-01 08:00:00.000000 +0800,1INCHUSDT,0.695,0.713,0.644,0.654,7750946.1,5192270.2399
2022-07-02 08:00:00.000000 +0800,1INCHUSDT,0.654,0.661,0.621,0.637,3866112.2,2455331.7156
2022-07-03 08:00:00.000000 +0800,1INCHUSDT,0.636,0.641,0.609,0.628,2483287.5,1550905.5569
2022-07-04 08:00:00.000000 +0800,1INCHUSDT,0.628,0.641,0.605,0.638,5538155.7,3449381.6239
2022-07-05 08:00:00.000000 +0800,1INCHUSDT,0.637,0.658,0.598,0.622,7648554.3,4796655.2203
2022-07-06 08:00:00.000000 +0800,1INCHUSDT,0.623,0.635,0.61,0.626,5609252.8,3487920.6367
2022-07-07 08:00:00.000000 +0800,1INCHUSDT,0.625,0.654,0.619,0.644,5473806.8,3479582.7343
2022-07-08 08:00:00.000000 +0800,1INCHUSDT,0.644,0.719,0.642,0.688,13877718.4,9563703.5192
2022-07-09 08:00:00.000000 +0800,1INCHUSDT,0.687,0.715,0.673,0.696,4539554.4,3117835.5652
2022-07-10 08:00:00.000000 +0800,1INCHUSDT,0.697,0.709,0.633,0.64,8634312.6,5677077.8354
2022-07-11 08:00:00.000000 +0800,1INCHUSDT,0.64,0.648,0.587,0.591,4680462.5,2915513.9237
2022-07-12 08:00:00.000000 +0800,1INCHUSDT,0.591,0.597,0.556,0.56,4453994.4,2588386.1449
2022-07-13 08:00:00.000000 +0800,1INCHUSDT,0.56,0.597,0.54,0.594,4608931.5,2629530.7874
2022-07-14 08:00:00.000000 +0800,1INCHUSDT,0.594,0.626,0.568,0.616,5462197.6,3261431.3202
2022-07-15 08:00:00.000000 +0800,1INCHUSDT,0.616,0.697,0.604,0.653,17093737.4,11237204.5859
2022-07-16 08:00:00.000000 +0800,1INCHUSDT,0.653,0.675,0.632,0.667,5920963.6,3867901.2324
2022-07-17 08:00:00.000000 +0800,1INCHUSDT,0.667,0.683,0.64,0.646,5478304,3616095.2189
2022-07-18 08:00:00.000000 +0800,1INCHUSDT,0.646,0.737,0.643,0.718,14734355.9,10325235.5261
2022-07-19 08:00:00.000000 +0800,1INCHUSDT,0.718,0.777,0.71,0.736,13268089.8,9751551.9446
2022-07-20 08:00:00.000000 +0800,1INCHUSDT,0.736,0.75,0.667,0.677,8226145.5,5863913.1201
2022-07-21 08:00:00.000000 +0800,1INCHUSDT,0.676,0.697,0.647,0.688,6515299,4367300.3978
2022-07-22 08:00:00.000000 +0800,1INCHUSDT,0.688,0.716,0.655,0.661,7468326.8,5169767.3792
2022-07-23 08:00:00.000000 +0800,1INCHUSDT,0.661,0.703,0.653,0.68,6036632.7,4092577.5668
2022-07-24 08:00:00.000000 +0800,1INCHUSDT,0.68,0.698,0.672,0.675,4415919,3023489.7494
2022-07-25 08:00:00.000000 +0800,1INCHUSDT,0.676,0.68,0.622,0.623,5940928.8,3843606.2832
2022-07-26 08:00:00.000000 +0800,1INCHUSDT,0.624,0.637,0.605,0.636,4078079.7,2511432.5001
2022-07-27 08:00:00.000000 +0800,1INCHUSDT,0.636,0.696,0.619,0.694,6740096,4412592.0963
2022-07-28 08:00:00.000000 +0800,1INCHUSDT,0.695,0.815,0.683,0.773,22371227.5,16777574.1589
2022-07-29 08:00:00.000000 +0800,1INCHUSDT,0.773,0.79,0.739,0.76,11756504.5,9020444.2466
2022-07-30 08:00:00.000000 +0800,1INCHUSDT,0.76,0.835,0.754,0.766,13329455.4,10548403.3299
2022-07-31 08:00:00.000000 +0800,1INCHUSDT,0.766,0.828,0.752,0.762,10302746.5,8132910.5125
2022-08-01 08:00:00.000000 +0800,1INCHUSDT,0.761,0.796,0.742,0.77,9499727.5,7275622.5347
2022-08-02 08:00:00.000000 +0800,1INCHUSDT,0.77,0.781,0.715,0.742,7111378.1,5272590.7616
2022-08-03 08:00:00.000000 +0800,1INCHUSDT,0.742,0.814,0.724,0.766,7304968.7,5722462.9092
2022-08-04 08:00:00.000000 +0800,1INCHUSDT,0.766,0.833,0.764,0.799,7231770.9,5760047.2309
2022-08-05 08:00:00.000000 +0800,1INCHUSDT,0.8,0.858,0.799,0.832,8390557.7,6970663.5467
2022-08-06 08:00:00.000000 +0800,1INCHUSDT,0.832,0.846,0.803,0.808,3821168.5,3156887.3742
2022-08-07 08:00:00.000000 +0800,1INCHUSDT,0.808,0.824,0.797,0.806,3014730,2445682.2283
2022-08-08 08:00:00.000000 +0800,1INCHUSDT,0.806,0.865,0.804,0.837,7231575.6,6078944.5208
2022-08-09 08:00:00.000000 +0800,1INCHUSDT,0.838,0.877,0.791,0.808,10389545.4,8740326.9322
2022-08-10 08:00:00.000000 +0800,1INCHUSDT,0.808,0.908,0.782,0.882,11307777.4,9559848.8031
2022-08-11 08:00:00.000000 +0800,1INCHUSDT,0.882,0.896,0.858,0.864,7118378.3,6229047.0162
2022-08-12 08:00:00.000000 +0800,1INCHUSDT,0.865,0.893,0.845,0.88,6141313,5336131.969
2022-08-13 08:00:00.000000 +0800,1INCHUSDT,0.88,0.911,0.87,0.873,5307916.7,4707214.4612
2022-08-14 08:00:00.000000 +0800,1INCHUSDT,0.874,0.894,0.829,0.84,5495879.7,4716087.8524
2022-08-15 08:00:00.000000 +0800,1INCHUSDT,0.84,0.865,0.807,0.82,3791880.2,3158418.7194
2022-08-16 08:00:00.000000 +0800,1INCHUSDT,0.82,0.833,0.807,0.818,3091204.4,2532171.0386
2022-08-17 08:00:00.000000 +0800,1INCHUSDT,0.819,0.843,0.765,0.773,3839297.9,3082895.6962
2022-08-18 08:00:00.000000 +0800,1INCHUSDT,0.773,0.785,0.72,0.733,4051105.5,3088543.8125
2022-08-19 08:00:00.000000 +0800,1INCHUSDT,0.733,0.735,0.654,0.677,7484228.4,5177206.6276
2022-08-20 08:00:00.000000 +0800,1INCHUSDT,0.678,0.701,0.658,0.674,2960065.5,2015478.7865
2022-08-21 08:00:00.000000 +0800,1INCHUSDT,0.675,0.713,0.674,0.7,2609601.5,1810081.6143
2022-08-22 08:00:00.000000 +0800,1INCHUSDT,0.701,0.702,0.658,0.7,2811104.8,1904536.2755
2022-08-23 08:00:00.000000 +0800,1INCHUSDT,0.699,0.73,0.684,0.725,4314517.7,3065802.0664
2022-08-24 08:00:00.000000 +0800,1INCHUSDT,0.725,0.741,0.708,0.723,2808555.1,2035487.0223
2022-08-25 08:00:00.000000 +0800,1INCHUSDT,0.721,0.752,0.721,0.744,2917799.4,2159650.123
2022-08-26 08:00:00.000000 +0800,1INCHUSDT,0.743,0.747,0.655,0.661,4529157.6,3214714.9024
2022-08-27 08:00:00.000000 +0800,1INCHUSDT,0.661,0.665,0.644,0.652,2719879.5,1781457.4778
2022-08-28 08:00:00.000000 +0800,1INCHUSDT,0.652,0.67,0.63,0.631,2083741.5,1360875.475
2022-08-29 08:00:00.000000 +0800,1INCHUSDT,0.632,0.676,0.626,0.671,3810295.6,2490818.7969
2022-08-30 08:00:00.000000 +0800,1INCHUSDT,0.671,0.685,0.637,0.653,2678665.9,1778698.2069
2022-08-31 08:00:00.000000 +0800,1INCHUSDT,0.654,0.71,0.653,0.662,5430553.2,3731010.3108
2022-09-01 08:00:00.000000 +0800,1INCHUSDT,0.663,0.672,0.636,0.668,3938830,2579265.8763
2022-09-02 08:00:00.000000 +0800,1INCHUSDT,0.669,0.739,0.663,0.713,13301647.4,9539445.086
2022-09-03 08:00:00.000000 +0800,1INCHUSDT,0.712,0.713,0.677,0.687,2952860.2,2034109.5575
2022-09-04 08:00:00.000000 +0800,1INCHUSDT,0.688,0.692,0.659,0.673,3151976.7,2118635.1681
2022-09-05 08:00:00.000000 +0800,1INCHUSDT,0.672,0.677,0.649,0.663,2942877.3,1942099.2452
2022-09-06 08:00:00.000000 +0800,1INCHUSDT,0.663,0.676,0.6,0.608,7050421.5,4512232.193
2022-09-07 08:00:00.000000 +0800,1INCHUSDT,0.608,0.636,0.592,0.631,3867496.4,2379804.1857
2022-09-08 08:00:00.000000 +0800,1INCHUSDT,0.631,0.644,0.615,0.638,4063490.7,2558053.1916
2022-09-09 08:00:00.000000 +0800,1INCHUSDT,0.639,0.678,0.638,0.657,6716877.1,4415131.7618
2022-09-10 08:00:00.000000 +0800,1INCHUSDT,0.658,0.681,0.647,0.657,5024572.9,3323170.5614
2022-09-11 08:00:00.000000 +0800,1INCHUSDT,0.657,0.673,0.635,0.649,4543510.3,2995951.6964
2022-09-12 08:00:00.000000 +0800,1INCHUSDT,0.649,0.675,0.634,0.647,5242458.3,3424473.7919
2022-09-13 08:00:00.000000 +0800,1INCHUSDT,0.647,0.658,0.59,0.594,7211523.2,4521323.5319
2022-09-14 08:00:00.000000 +0800,1INCHUSDT,0.594,0.618,0.59,0.613,4604617.9,2791015.7767
2022-09-15 08:00:00.000000 +0800,1INCHUSDT,0.613,0.62,0.587,0.592,4304721.5,2589535.5594
2022-09-16 08:00:00.000000 +0800,1INCHUSDT,0.592,0.625,0.582,0.616,6344667.9,3853191.2654
2022-09-17 08:00:00.000000 +0800,1INCHUSDT,0.617,0.63,0.609,0.627,2639980.3,1628933.0985
2022-09-18 08:00:00.000000 +0800,1INCHUSDT,0.628,0.639,0.534,0.571,5400791.5,3222868.3652
2022-09-19 08:00:00.000000 +0800,1INCHUSDT,0.571,0.602,0.554,0.595,6492952.3,3752419.4637
2022-09-20 08:00:00.000000 +0800,1INCHUSDT,0.595,0.609,0.585,0.599,4057056.1,2426082.3908
2022-09-21 08:00:00.000000 +0800,1INCHUSDT,0.6,0.609,0.553,0.562,7453229.1,4347706.5039
2022-09-22 08:00:00.000000 +0800,1INCHUSDT,0.562,0.597,0.559,0.592,4236560,2453076.8541
2022-09-23 08:00:00.000000 +0800,1INCHUSDT,0.593,0.619,0.584,0.609,5976050.6,3599788.4497
2022-09-24 08:00:00.000000 +0800,1INCHUSDT,0.609,0.626,0.602,0.606,2666256,1635674.0876
2022-09-25 08:00:00.000000 +0800,1INCHUSDT,0.606,0.627,0.591,0.6,3551515.5,2183335.201
2022-09-26 08:00:00.000000 +0800,1INCHUSDT,0.6,0.636,0.597,0.625,6851365.9,4234427.2286
2022-09-27 08:00:00.000000 +0800,1INCHUSDT,0.626,0.649,0.601,0.607,7028447.5,4430141.1809
2022-09-28 08:00:00.000000 +0800,1INCHUSDT,0.608,0.612,0.574,0.585,6771208.7,3966145.3885
2022-09-29 08:00:00.000000 +0800,1INCHUSDT,0.586,0.595,0.573,0.585,4419603.6,2574944.4306
2022-09-30 08:00:00.000000 +0800,1INCHUSDT,0.585,0.591,0.571,0.576,3867478.3,2251243.007
2022-10-01 08:00:00.000000 +0800,1INCHUSDT,0.576,0.58,0.572,0.574,1068018.4,616308.3009
2022-10-02 08:00:00.000000 +0800,1INCHUSDT,0.575,0.578,0.552,0.553,1964452.4,1107585.0712
2022-10-03 08:00:00.000000 +0800,1INCHUSDT,0.553,0.576,0.544,0.573,2370154.8,1336564.6301
2022-10-04 08:00:00.000000 +0800,1INCHUSDT,0.573,0.59,0.57,0.585,1721773.9,998372.5631
2022-10-05 08:00:00.000000 +0800,1INCHUSDT,0.585,0.59,0.567,0.585,2460658.2,1423235.5293
2022-10-06 08:00:00.000000 +0800,1INCHUSDT,0.585,0.594,0.572,0.574,2878333.6,1681806.1894
2022-10-07 08:00:00.000000 +0800,1INCHUSDT,0.575,0.658,0.572,0.614,22922676.8,14147579.1857
2022-10-08 08:00:00.000000 +0800,1INCHUSDT,0.614,0.627,0.593,0.6,5983686.9,3623193.3339
2022-10-09 08:00:00.000000 +0800,1INCHUSDT,0.599,0.612,0.597,0.608,2965651.3,1790288.4722
2022-10-10 08:00:00.000000 +0800,1INCHUSDT,0.607,0.62,0.574,0.575,4354835.6,2594752.2372
2022-10-11 08:00:00.000000 +0800,1INCHUSDT,0.577,0.577,0.558,0.563,3135898.1,1773266.2102
2022-10-12 08:00:00.000000 +0800,1INCHUSDT,0.562,0.574,0.561,0.569,1589482.3,903790.817
2022-10-13 08:00:00.000000 +0800,1INCHUSDT,0.569,0.571,0.535,0.563,10187618.7,5637076.2048
2022-10-14 08:00:00.000000 +0800,1INCHUSDT,0.562,0.579,0.553,0.56,4144935.8,2351471.9525
2022-10-15 08:00:00.000000 +0800,1INCHUSDT,0.561,0.569,0.556,0.562,1721052.3,969059.5502
2022-10-16 08:00:00.000000 +0800,1INCHUSDT,0.561,0.572,0.559,0.569,2099078.3,1187347.8722
2022-10-17 08:00:00.000000 +0800,1INCHUSDT,0.569,0.578,0.562,0.576,2490379.5,1425373.8728
2022-10-18 08:00:00.000000 +0800,1INCHUSDT,0.577,0.583,0.561,0.57,3562220,2036406.8216
2022-10-19 08:00:00.000000 +0800,1INCHUSDT,0.57,0.583,0.557,0.566,5919072.9,3371118.1875
2022-10-20 08:00:00.000000 +0800,1INCHUSDT,0.566,0.582,0.555,0.563,5379152.6,3050649.8664
2022-10-21 08:00:00.000000 +0800,1INCHUSDT,0.562,0.571,0.543,0.568,7463365.8,4164708.6444
2022-10-22 08:00:00.000000 +0800,1INCHUSDT,0.569,0.574,0.558,0.571,2117292.8,1197732.2842
2022-10-23 08:00:00.000000 +0800,1INCHUSDT,0.571,0.581,0.559,0.58,3144344.7,1799831.6288
2022-10-24 08:00:00.000000 +0800,1INCHUSDT,0.58,0.584,0.56,0.566,3315793,1885354.1812
2022-10-25 08:00:00.000000 +0800,1INCHUSDT,0.567,0.594,0.565,0.582,4895718.2,2838019.0082
2022-10-26 08:00:00.000000 +0800,1INCHUSDT,0.583,0.618,0.582,0.61,6299487.6,3795650.4718
2022-10-27 08:00:00.000000 +0800,1INCHUSDT,0.609,0.623,0.592,0.595,4939785.2,3000491.8718
2022-10-28 08:00:00.000000 +0800,1INCHUSDT,0.594,0.622,0.583,0.614,5449405.9,3290002.8707
2022-10-29 08:00:00.000000 +0800,1INCHUSDT,0.613,0.637,0.609,0.625,6183444.3,3845886.847
2022-10-30 08:00:00.000000 +0800,1INCHUSDT,0.625,0.634,0.601,0.614,5022154.9,3095348.2793
2022-10-31 08:00:00.000000 +0800,1INCHUSDT,0.614,0.647,0.604,0.612,10901029.6,6821328.9988
2022-11-01 08:00:00.000000 +0800,1INCHUSDT,0.612,0.626,0.606,0.607,3059128.9,1878791.924
2022-11-02 08:00:00.000000 +0800,1INCHUSDT,0.607,0.611,0.577,0.59,4789845.9,2860100.1379
2022-11-03 08:00:00.000000 +0800,1INCHUSDT,0.59,0.616,0.589,0.608,6995875,4241724.8201
2022-11-04 08:00:00.000000 +0800,1INCHUSDT,0.608,0.653,0.605,0.653,10692416.5,6794499.5352
2022-11-05 08:00:00.000000 +0800,1INCHUSDT,0.652,0.664,0.632,0.646,7098888.7,4631428.5092
2022-11-06 08:00:00.000000 +0800,1INCHUSDT,0.647,0.675,0.629,0.634,9554653.4,6285584.6234
2022-11-07 08:00:00.000000 +0800,1INCHUSDT,0.634,0.662,0.622,0.635,8017818,5136828.294
2022-11-08 08:00:00.000000 +0800,1INCHUSDT,0.634,0.64,0.516,0.555,21336126.7,12382089.1834
2022-11-09 08:00:00.000000 +0800,1INCHUSDT,0.555,0.56,0.515,0.529,20840128.5,11172643.7755
2022-11-10 08:00:00.000000 +0800,1INCHUSDT,0.529,0.575,0.519,0.57,26698083.4,14681770.8612
2022-11-11 08:00:00.000000 +0800,1INCHUSDT,0.57,0.571,0.54,0.56,10395582.6,5746309.9519
2022-11-12 08:00:00.000000 +0800,1INCHUSDT,0.56,0.56,0.497,0.508,10043993.3,5150811.3454
2022-11-13 08:00:00.000000 +0800,1INCHUSDT,0.508,0.531,0.49,0.521,11158675.2,5713107.139
2022-11-14 08:00:00.000000 +0800,1INCHUSDT,0.521,0.525,0.473,0.516,10876604,5474793.6837
2022-11-15 08:00:00.000000 +0800,1INCHUSDT,0.515,0.544,0.508,0.531,5465781.4,2882180.1079
2022-11-16 08:00:00.000000 +0800,1INCHUSDT,0.531,0.544,0.513,0.522,4315717,2282973.9271
2022-11-17 08:00:00.000000 +0800,1INCHUSDT,0.523,0.526,0.504,0.516,44063424.4,22716713.4114
2022-11-18 08:00:00.000000 +0800,1INCHUSDT,0.516,0.535,0.515,0.529,3184551.2,1681502.1169
2022-11-19 08:00:00.000000 +0800,1INCHUSDT,0.529,0.548,0.518,0.538,3569148.7,1906405.6268
2022-11-20 08:00:00.000000 +0800,1INCHUSDT,0.538,0.541,0.502,0.504,2331726.4,1219667.2061
2022-11-21 08:00:00.000000 +0800,1INCHUSDT,0.504,0.509,0.489,0.503,4028140.1,2013744.3158
2022-11-22 08:00:00.000000 +0800,1INCHUSDT,0.502,0.538,0.5,0.537,4627309,2393408.109
2022-11-23 08:00:00.000000 +0800,1INCHUSDT,0.538,0.547,0.529,0.546,3182885.8,1713805.2581
2022-11-24 08:00:00.000000 +0800,1INCHUSDT,0.546,0.548,0.522,0.527,2778949.1,1483244.7711
2022-11-25 08:00:00.000000 +0800,1INCHUSDT,0.528,0.528,0.512,0.518,2078930.6,1075514.4974
2022-11-26 08:00:00.000000 +0800,1INCHUSDT,0.517,0.527,0.514,0.52,1875382.6,977724.9566
2022-11-27 08:00:00.000000 +0800,1INCHUSDT,0.519,0.563,0.515,0.52,7961920,4300467.7483
2022-11-28 08:00:00.000000 +0800,1INCHUSDT,0.519,0.541,0.5,0.516,4539510.8,2347953.994
2022-11-29 08:00:00.000000 +0800,1INCHUSDT,0.516,0.525,0.509,0.519,2769089.2,1431940.3427
2022-11-30 08:00:00.000000 +0800,1INCHUSDT,0.519,0.532,0.512,0.527,3803624.2,1989438.0725
2022-12-01 08:00:00.000000 +0800,1INCHUSDT,0.527,0.528,0.504,0.51,4756502.1,2443127.9573
2022-12-02 08:00:00.000000 +0800,1INCHUSDT,0.51,0.512,0.495,0.504,12040613,6039052.4934
2022-12-03 08:00:00.000000 +0800,1INCHUSDT,0.504,0.507,0.481,0.487,11276261.1,5608353.4839
2022-12-04 08:00:00.000000 +0800,1INCHUSDT,0.487,0.499,0.486,0.497,4155012.1,2046354.398
2022-12-05 08:00:00.000000 +0800,1INCHUSDT,0.497,0.504,0.48,0.484,9950352.4,4881879.7639
2022-12-06 08:00:00.000000 +0800,1INCHUSDT,0.484,0.49,0.467,0.476,10745041.1,5115601.6939
2022-12-07 08:00:00.000000 +0800,1INCHUSDT,0.475,0.476,0.429,0.444,16044687.3,7235945.7782
2022-12-08 08:00:00.000000 +0800,1INCHUSDT,0.443,0.449,0.43,0.447,7579850.2,3320180.4829
2022-12-09 08:00:00.000000 +0800,1INCHUSDT,0.448,0.451,0.432,0.441,4929816.5,2184145.1409
2022-12-10 08:00:00.000000 +0800,1INCHUSDT,0.441,0.447,0.44,0.443,3156757.6,1399156.1372
2022-12-11 08:00:00.000000 +0800,1INCHUSDT,0.444,0.451,0.433,0.435,2985448.5,1327211.9797
2022-12-12 08:00:00.000000 +0800,1INCHUSDT,0.435,0.435,0.412,0.431,4389545.4,1859848.6358
2022-12-13 08:00:00.000000 +0800,1INCHUSDT,0.432,0.444,0.417,0.442,4930993.7,2131351.9447
2022-12-14 08:00:00.000000 +0800,1INCHUSDT,0.442,0.445,0.428,0.432,3226134.3,1411965.7345
2022-12-15 08:00:00.000000 +0800,1INCHUSDT,0.431,0.436,0.422,0.424,2125828.9,910763.3972
2022-12-16 08:00:00.000000 +0800,1INCHUSDT,0.424,0.43,0.365,0.385,9279721.2,3679454.2721
2022-12-17 08:00:00.000000 +0800,1INCHUSDT,0.385,0.396,0.376,0.389,5806434.7,2220471.7112
2022-12-18 08:00:00.000000 +0800,1INCHUSDT,0.389,0.395,0.382,0.39,1758512,683868.1432
2022-12-19 08:00:00.000000 +0800,1INCHUSDT,0.391,0.402,0.381,0.382,4999108.7,1970043.823
2022-12-20 08:00:00.000000 +0800,1INCHUSDT,0.381,0.407,0.379,0.404,3573832.8,1417442.624
2022-12-21 08:00:00.000000 +0800,1INCHUSDT,0.404,0.407,0.394,0.399,3102214.7,1237016.5354
2022-12-22 08:00:00.000000 +0800,1INCHUSDT,0.399,0.402,0.389,0.397,1901395,754274.1444
2022-12-23 08:00:00.000000 +0800,1INCHUSDT,0.397,0.399,0.39,0.398,1445583.8,570731.1934
2022-12-24 08:00:00.000000 +0800,1INCHUSDT,0.398,0.403,0.397,0.399,870923.7,348672.6164
2022-12-25 08:00:00.000000 +0800,1INCHUSDT,0.4,0.402,0.389,0.398,1670914.4,660561.1817
2022-12-26 08:00:00.000000 +0800,1INCHUSDT,0.399,0.407,0.396,0.405,1644031.1,662737.9466
2022-12-27 08:00:00.000000 +0800,1INCHUSDT,0.406,0.415,0.396,0.401,3215882.1,1296194.1525
2022-12-28 08:00:00.000000 +0800,1INCHUSDT,0.401,0.402,0.38,0.384,3668751.6,1425886.3067
2022-12-29 08:00:00.000000 +0800,1INCHUSDT,0.384,0.387,0.374,0.382,4136422.6,1574224.9509
2022-12-30 08:00:00.000000 +0800,1INCHUSDT,0.381,0.387,0.371,0.376,2167412.3,817993.1975
2022-12-31 08:00:00.000000 +0800,1INCHUSDT,0.377,0.392,0.374,0.383,2613452.1,1008520.3098
2023-01-01 08:00:00.000000 +0800,1INCHUSDT,0.383,0.387,0.38,0.386,1003164.7,384439.0836
2023-01-02 08:00:00.000000 +0800,1INCHUSDT,0.386,0.399,0.378,0.396,2408420.6,935685.1981
2023-01-03 08:00:00.000000 +0800,1INCHUSDT,0.395,0.4,0.382,0.386,3465795.5,1355286.2025
2023-01-04 08:00:00.000000 +0800,1INCHUSDT,0.387,0.403,0.384,0.395,4034141.8,1594019.7914
2023-01-05 08:00:00.000000 +0800,1INCHUSDT,0.395,0.413,0.385,0.388,7500827.3,2952470.4513
2023-01-06 08:00:00.000000 +0800,1INCHUSDT,0.388,0.398,0.381,0.397,6144865.6,2385048.6177
2023-01-07 08:00:00.000000 +0800,1INCHUSDT,0.396,0.401,0.393,0.398,1834895.3,728954.6993
2023-01-08 08:00:00.000000 +0800,1INCHUSDT,0.398,0.412,0.393,0.409,5202312.2,2101479.2808
2023-01-09 08:00:00.000000 +0800,1INCHUSDT,0.41,0.435,0.407,0.422,7912343.4,3344252.5262
2023-01-10 08:00:00.000000 +0800,1INCHUSDT,0.421,0.437,0.416,0.432,6893896.7,2964085.2786
2023-01-11 08:00:00.000000 +0800,1INCHUSDT,0.432,0.437,0.413,0.434,4517981.1,1908262.7996
2023-01-12 08:00:00.000000 +0800,1INCHUSDT,0.435,0.455,0.428,0.45,7158139.8,3159784.9246
2023-01-13 08:00:00.000000 +0800,1INCHUSDT,0.451,0.468,0.443,0.465,4559780.2,2072463.5274
2023-01-14 08:00:00.000000 +0800,1INCHUSDT,0.465,0.503,0.449,0.481,17309531.3,8335546.6979
2023-01-15 08:00:00.000000 +0800,1INCHUSDT,0.482,0.504,0.47,0.5,8888790.4,4345471.3276
2023-01-16 08:00:00.000000 +0800,1INCHUSDT,0.5,0.513,0.47,0.488,9197598.3,4542836.03
2023-01-17 08:00:00.000000 +0800,1INCHUSDT,0.488,0.498,0.476,0.479,5433994.5,2633550.991
2023-01-18 08:00:00.000000 +0800,1INCHUSDT,0.48,0.487,0.44,0.446,9190510.7,4232671.0774
2023-01-19 08:00:00.000000 +0800,1INCHUSDT,0.446,0.478,0.446,0.463,13685898,6290811.1604
2023-01-20 08:00:00.000000 +0800,1INCHUSDT,0.463,0.494,0.453,0.494,6774485.3,3177689.6703
2023-01-21 08:00:00.000000 +0800,1INCHUSDT,0.493,0.518,0.48,0.501,12707424.7,6396216.3029
2023-01-22 08:00:00.000000 +0800,1INCHUSDT,0.501,0.543,0.494,0.513,15509998.8,8098988.4483
2023-01-23 08:00:00.000000 +0800,1INCHUSDT,0.513,0.552,0.513,0.535,15258451.9,8159077.4829
2023-01-24 08:00:00.000000 +0800,1INCHUSDT,0.535,0.547,0.5,0.513,12499729.4,6613421.4389
2023-01-25 08:00:00.000000 +0800,1INCHUSDT,0.513,0.585,0.498,0.534,25506017.3,13474502.7183
2023-01-26 08:00:00.000000 +0800,1INCHUSDT,0.535,0.549,0.513,0.527,8776268,4659793.6762
2023-01-27 08:00:00.000000 +0800,1INCHUSDT,0.527,0.54,0.506,0.537,8637433,4496105.0506
2023-01-28 08:00:00.000000 +0800,1INCHUSDT,0.537,0.55,0.517,0.528,5567883.5,2961298.5516
2023-01-29 08:00:00.000000 +0800,1INCHUSDT,0.529,0.543,0.519,0.542,7049689.3,3762294.774
2023-01-30 08:00:00.000000 +0800,1INCHUSDT,0.541,0.545,0.489,0.509,11915161.3,6132506.0058
2023-01-31 08:00:00.000000 +0800,1INCHUSDT,0.509,0.518,0.502,0.514,6773150.3,3463424.6461
2023-02-01 08:00:00.000000 +0800,1INCHUSDT,0.513,0.53,0.489,0.528,16067525.4,8171449.7869
2023-02-02 08:00:00.000000 +0800,1INCHUSDT,0.528,0.576,0.527,0.54,16884886.6,9247674.134
2023-02-03 08:00:00.000000 +0800,1INCHUSDT,0.541,0.575,0.535,0.566,12579562,6973352.6085
2023-02-04 08:00:00.000000 +0800,1INCHUSDT,0.566,0.604,0.552,0.582,17772649.9,10335933.3202
2023-02-05 08:00:00.000000 +0800,1INCHUSDT,0.582,0.623,0.535,0.56,25218025.4,14838857.3559
2023-02-06 08:00:00.000000 +0800,1INCHUSDT,0.56,0.596,0.551,0.554,10888769.6,6211997.87
2023-02-07 08:00:00.000000 +0800,1INCHUSDT,0.554,0.59,0.545,0.586,12221668.6,6952065.4912
2023-02-08 08:00:00.000000 +0800,1INCHUSDT,0.587,0.597,0.545,0.565,8949136.1,5116684.9161
2023-02-09 08:00:00.000000 +0800,1INCHUSDT,0.565,0.573,0.512,0.528,20524104.7,11130324.8294
2023-02-10 08:00:00.000000 +0800,1INCHUSDT,0.528,0.541,0.521,0.532,7121653.8,3786391.817
2023-02-11 08:00:00.000000 +0800,1INCHUSDT,0.532,0.542,0.527,0.54,2287920.7,1218359.3221
2023-02-12 08:00:00.000000 +0800,1INCHUSDT,0.541,0.546,0.521,0.533,5909909.1,3172477.9081
2023-02-13 08:00:00.000000 +0800,1INCHUSDT,0.533,0.538,0.512,0.53,11731346.4,6170650.2255
2023-02-14 08:00:00.000000 +0800,1INCHUSDT,0.531,0.543,0.523,0.541,6744073.1,3604202.5666
2023-02-15 08:00:00.000000 +0800,1INCHUSDT,0.54,0.569,0.533,0.568,11378709.9,6261454.8494
2023-02-16 08:00:00.000000 +0800,1INCHUSDT,0.568,0.572,0.541,0.541,10577752.6,5907254.7931
2023-02-17 08:00:00.000000 +0800,1INCHUSDT,0.542,0.572,0.538,0.568,10994883.1,6134604.4904
2023-02-18 08:00:00.000000 +0800,1INCHUSDT,0.567,0.582,0.562,0.575,6219887.4,3570882.92
2023-02-19 08:00:00.000000 +0800,1INCHUSDT,0.575,0.601,0.565,0.575,11872098.6,6908110.6371
2023-02-20 08:00:00.000000 +0800,1INCHUSDT,0.575,0.617,0.562,0.613,12358598.2,7390492.3452
2023-02-21 08:00:00.000000 +0800,1INCHUSDT,0.612,0.697,0.602,0.687,42867498.3,28028630.3604
2023-02-22 08:00:00.000000 +0800,1INCHUSDT,0.687,0.687,0.628,0.642,19081890.5,12368600.4989
2023-02-23 08:00:00.000000 +0800,1INCHUSDT,0.642,0.644,0.608,0.619,8747238.1,5494935.4368
2023-02-24 08:00:00.000000 +0800,1INCHUSDT,0.619,0.626,0.583,0.6,10486885.6,6313924.5033
2023-02-25 08:00:00.000000 +0800,1INCHUSDT,0.601,0.602,0.564,0.581,3963003.9,2319573.8575
2023-02-26 08:00:00.000000 +0800,1INCHUSDT,0.581,0.597,0.569,0.583,6220454.5,3610753.4269
2023-02-27 08:00:00.000000 +0800,1INCHUSDT,0.583,0.59,0.563,0.579,9325409.9,5380159.235
2023-02-28 08:00:00.000000 +0800,1INCHUSDT,0.579,0.587,0.565,0.571,3600863.7,2070963.9211
2023-03-01 08:00:00.000000 +0800,1INCHUSDT,0.571,0.6,0.567,0.588,5467238.9,3222529.1156
2023-03-02 08:00:00.000000 +0800,1INCHUSDT,0.588,0.59,0.551,0.565,3821266.3,2152926.2638
2023-03-03 08:00:00.000000 +0800,1INCHUSDT,0.566,0.566,0.504,0.528,7826149,4089306.8739
2023-03-04 08:00:00.000000 +0800,1INCHUSDT,0.528,0.532,0.499,0.517,2728288.8,1403352.861
2023-03-05 08:00:00.000000 +0800,1INCHUSDT,0.517,0.529,0.51,0.514,2478608.4,1288082.1104
2023-03-06 08:00:00.000000 +0800,1INCHUSDT,0.513,0.531,0.512,0.526,6713732.8,3512765.2479
2023-03-07 08:00:00.000000 +0800,1INCHUSDT,0.525,0.528,0.494,0.508,4128472.5,2101077.7596
2023-03-08 08:00:00.000000 +0800,1INCHUSDT,0.509,0.51,0.467,0.472,3278824.6,1605454.7077
2023-03-09 08:00:00.000000 +0800,1INCHUSDT,0.472,0.485,0.43,0.438,4494467.1,2063209.8746
2023-03-10 08:00:00.000000 +0800,1INCHUSDT,0.439,0.449,0.41,0.446,5399885.4,2328938.8715
2023-03-11 08:00:00.000000 +0800,1INCHUSDT,0.446,0.456,0.422,0.438,4762754.6,2074994.1538
2023-03-12 08:00:00.000000 +0800,1INCHUSDT,0.438,0.476,0.428,0.474,3165974.5,1412956.2934
2023-03-13 08:00:00.000000 +0800,1INCHUSDT,0.474,0.503,0.462,0.5,6464215.2,3125588.7078
2023-03-14 08:00:00.000000 +0800,1INCHUSDT,0.5,0.538,0.489,0.526,9529668.5,4896159.15
2023-03-15 08:00:00.000000 +0800,1INCHUSDT,0.527,0.536,0.481,0.488,7616607.9,3848157.2527
2023-03-16 08:00:00.000000 +0800,1INCHUSDT,0.489,0.512,0.483,0.493,15342109.2,7593729.3665
2023-03-17 08:00:00.000000 +0800,1INCHUSDT,0.493,0.53,0.486,0.529,7177370.9,3631046.0228
2023-03-18 08:00:00.000000 +0800,1INCHUSDT,0.528,0.544,0.512,0.52,7836479.7,4172686.6169
2023-03-19 08:00:00.000000 +0800,1INCHUSDT,0.521,0.586,0.52,0.551,19939101.2,11058264.118
2023-03-20 08:00:00.000000 +0800,1INCHUSDT,0.552,0.552,0.516,0.523,8495536.5,4532231.8425
2023-03-21 08:00:00.000000 +0800,1INCHUSDT,0.523,0.537,0.501,0.536,6659211.1,3459998.7779
2023-03-22 08:00:00.000000 +0800,1INCHUSDT,0.537,0.537,0.493,0.507,7015206.8,3617642.205
2023-03-23 08:00:00.000000 +0800,1INCHUSDT,0.507,0.558,0.502,0.521,7764165.3,4009764.884
2023-03-24 08:00:00.000000 +0800,1INCHUSDT,0.521,0.523,0.498,0.506,3941115.8,2006591.5009
2023-03-25 08:00:00.000000 +0800,1INCHUSDT,0.507,0.51,0.494,0.5,3090649.8,1547518.8941
2023-03-26 08:00:00.000000 +0800,1INCHUSDT,0.5,0.516,0.495,0.513,3143811.3,1599934.0351
2023-03-27 08:00:00.000000 +0800,1INCHUSDT,0.514,0.517,0.482,0.488,6040640.5,2991604.9718
2023-03-28 08:00:00.000000 +0800,1INCHUSDT,0.489,0.505,0.484,0.496,4815248.6,2383411.1798
2023-03-29 08:00:00.000000 +0800,1INCHUSDT,0.497,0.519,0.496,0.519,5991047.4,3063357.4213
2023-03-30 08:00:00.000000 +0800,1INCHUSDT,0.519,0.607,0.515,0.568,45396265.4,25739857.3599
2023-03-31 08:00:00.000000 +0800,1INCHUSDT,0.566,0.568,0.536,0.561,16871582.8,9312578.437
2023-04-01 08:00:00.000000 +0800,1INCHUSDT,0.562,0.562,0.533,0.54,10388960.6,5686705.3333
2023-04-02 08:00:00.000000 +0800,1INCHUSDT,0.54,0.541,0.511,0.52,5494768,2879798.2187
2023-04-03 08:00:00.000000 +0800,1INCHUSDT,0.521,0.525,0.495,0.516,8040277.5,4123845.8885
2023-04-04 08:00:00.000000 +0800,1INCHUSDT,0.515,0.544,0.508,0.541,8372209.1,4414740.4658
2023-04-05 08:00:00.000000 +0800,1INCHUSDT,0.54,0.559,0.523,0.538,10601631.2,5725562.7251
2023-04-06 08:00:00.000000 +0800,1INCHUSDT,0.538,0.539,0.523,0.538,4189547.6,2226207.7833
2023-04-07 08:00:00.000000 +0800,1INCHUSDT,0.538,0.538,0.519,0.527,2541966.2,1338615.5285
2023-04-08 08:00:00.000000 +0800,1INCHUSDT,0.528,0.536,0.52,0.53,3038540.1,1616516.0371
2023-04-09 08:00:00.000000 +0800,1INCHUSDT,0.529,0.538,0.517,0.533,2654349.6,1400736.6134
2023-04-10 08:00:00.000000 +0800,1INCHUSDT,0.534,0.548,0.519,0.547,6008643.9,3206089.611
2023-04-11 08:00:00.000000 +0800,1INCHUSDT,0.548,0.55,0.539,0.544,4278390.8,2325863.956
2023-04-12 08:00:00.000000 +0800,1INCHUSDT,0.544,0.546,0.522,0.536,4797377.1,2547527.4744
2023-04-13 08:00:00.000000 +0800,1INCHUSDT,0.537,0.55,0.531,0.55,4405550.4,2386920.1939
2023-04-14 08:00:00.000000 +0800,1INCHUSDT,0.55,0.568,0.545,0.565,5815336.8,3250344.951
2023-04-15 08:00:00.000000 +0800,1INCHUSDT,0.565,0.571,0.552,0.566,3393557.1,1908412.3424
2023-04-16 08:00:00.000000 +0800,1INCHUSDT,0.566,0.58,0.557,0.575,3483902,1987451.3679
2023-04-17 08:00:00.000000 +0800,1INCHUSDT,0.574,0.583,0.548,0.557,5562355.9,3125836.872
2023-04-18 08:00:00.000000 +0800,1INCHUSDT,0.557,0.58,0.548,0.57,4225172,2396647.7824
2023-04-19 08:00:00.000000 +0800,1INCHUSDT,0.569,0.572,0.502,0.511,6914746.8,3646259.7066
2023-04-20 08:00:00.000000 +0800,1INCHUSDT,0.51,0.52,0.493,0.511,4843144.2,2455044.2736
2023-04-21 08:00:00.000000 +0800,1INCHUSDT,0.511,0.522,0.487,0.492,5896901.2,2985335.3809
2023-04-22 08:00:00.000000 +0800,1INCHUSDT,0.492,0.508,0.488,0.507,2093673.7,1040194.0766
2023-04-23 08:00:00.000000 +0800,1INCHUSDT,0.507,0.508,0.482,0.494,2483209.5,1235741.5658
2023-04-24 08:00:00.000000 +0800,1INCHUSDT,0.495,0.5,0.48,0.487,2043976.7,999269.7023
2023-04-25 08:00:00.000000 +0800,1INCHUSDT,0.487,0.496,0.471,0.494,2336695.9,1119614.6361
2023-04-26 08:00:00.000000 +0800,1INCHUSDT,0.494,0.51,0.455,0.48,4378243.1,2129181.1097
2023-04-27 08:00:00.000000 +0800,1INCHUSDT,0.479,0.496,0.476,0.49,2693679.1,1308917.7194
2023-04-28 08:00:00.000000 +0800,1INCHUSDT,0.489,0.491,0.476,0.483,2330769.9,1122948.5648
2023-04-29 08:00:00.000000 +0800,1INCHUSDT,0.483,0.515,0.48,0.496,8321061.9,4125373.5307
2023-04-30 08:00:00.000000 +0800,1INCHUSDT,0.496,0.496,0.466,0.471,9912041.7,4715529.5487
2023-05-01 08:00:00.000000 +0800,1INCHUSDT,0.472,0.474,0.446,0.454,5533040.5,2553268.3045
2023-05-02 08:00:00.000000 +0800,1INCHUSDT,0.454,0.461,0.451,0.459,1779113.6,811535.7795
2023-05-03 08:00:00.000000 +0800,1INCHUSDT,0.458,0.459,0.439,0.457,3699514.8,1651374.2699
2023-05-04 08:00:00.000000 +0800,1INCHUSDT,0.457,0.458,0.447,0.452,1213440.2,549746.0686
2023-05-05 08:00:00.000000 +0800,1INCHUSDT,0.451,0.466,0.447,0.463,3038665.3,1392485.2034
2023-05-06 08:00:00.000000 +0800,1INCHUSDT,0.463,0.466,0.436,0.447,2577076.3,1160105.604
2023-05-07 08:00:00.000000 +0800,1INCHUSDT,0.447,0.456,0.443,0.447,1157145.4,520345.4542
2023-05-08 08:00:00.000000 +0800,1INCHUSDT,0.447,0.449,0.389,0.407,6985054.2,2881347.1144
2023-05-09 08:00:00.000000 +0800,1INCHUSDT,0.407,0.42,0.405,0.415,2574022.4,1061959.4476
2023-05-10 08:00:00.000000 +0800,1INCHUSDT,0.415,0.426,0.402,0.422,5440379.1,2260108.0239
2023-05-11 08:00:00.000000 +0800,1INCHUSDT,0.422,0.422,0.398,0.409,4184701.9,1708176.562
2023-05-12 08:00:00.000000 +0800,1INCHUSDT,0.409,0.416,0.396,0.415,5227099.5,2125913.7001
2023-05-13 08:00:00.000000 +0800,1INCHUSDT,0.415,0.416,0.407,0.41,1727590,710628.0616
2023-05-14 08:00:00.000000 +0800,1INCHUSDT,0.41,0.418,0.405,0.413,1539480.3,634535.6777
2023-05-15 08:00:00.000000 +0800,1INCHUSDT,0.413,0.422,0.407,0.414,2477561.5,1032608.0276
2023-05-16 08:00:00.000000 +0800,1INCHUSDT,0.414,0.422,0.409,0.416,2823655.7,1172709.6418
2023-05-17 08:00:00.000000 +0800,1INCHUSDT,0.416,0.421,0.405,0.416,8108353.8,3349269.5416
2023-05-18 08:00:00.000000 +0800,1INCHUSDT,0.415,0.416,0.395,0.402,8290307.6,3364193.8505
2023-05-19 08:00:00.000000 +0800,1INCHUSDT,0.401,0.404,0.397,0.4,3107204.7,1244777.0273
2023-05-20 08:00:00.000000 +0800,1INCHUSDT,0.4,0.404,0.397,0.404,1494015,598103.3093
2023-05-21 08:00:00.000000 +0800,1INCHUSDT,0.404,0.404,0.392,0.395,1845779.6,734144.92
2023-05-22 08:00:00.000000 +0800,1INCHUSDT,0.396,0.4,0.389,0.397,2130820.3,841354.4752
2023-05-23 08:00:00.000000 +0800,1INCHUSDT,0.397,0.405,0.395,0.402,2020630.7,809596.1032
2023-05-24 08:00:00.000000 +0800,1INCHUSDT,0.402,0.402,0.382,0.389,2846935.4,1108125.2393
2023-05-25 08:00:00.000000 +0800,1INCHUSDT,0.389,0.396,0.382,0.392,2281843.2,889276.061
2023-05-26 08:00:00.000000 +0800,1INCHUSDT,0.392,0.396,0.386,0.395,1637524.9,641138.136
2023-05-27 08:00:00.000000 +0800,1INCHUSDT,0.394,0.397,0.391,0.397,1183676.9,466295.3027
2023-05-28 08:00:00.000000 +0800,1INCHUSDT,0.397,0.409,0.395,0.404,3137914.1,1258840.1608
2023-05-29 08:00:00.000000 +0800,1INCHUSDT,0.405,0.407,0.391,0.393,4538570.9,1802594.8993
2023-05-30 08:00:00.000000 +0800,1INCHUSDT,0.394,0.4,0.39,0.395,2444809.9,964524.3471
2023-05-31 08:00:00.000000 +0800,1INCHUSDT,0.394,0.398,0.375,0.38,5174871,1991300.7277
2023-06-01 08:00:00.000000 +0800,1INCHUSDT,0.381,0.382,0.367,0.368,3939050.1,1466450.9364
2023-06-02 08:00:00.000000 +0800,1INCHUSDT,0.368,0.387,0.362,0.381,14684626.9,5449491.6103
2023-06-03 08:00:00.000000 +0800,1INCHUSDT,0.381,0.382,0.368,0.371,6264642.9,2352687.198
2023-06-04 08:00:00.000000 +0800,1INCHUSDT,0.371,0.378,0.368,0.372,3303096.5,1232411.2492
2023-06-05 08:00:00.000000 +0800,1INCHUSDT,0.373,0.373,0.317,0.326,18637398.1,6356852.2339
2023-06-06 08:00:00.000000 +0800,1INCHUSDT,0.326,0.337,0.314,0.334,8811775,2864090.7719
2023-06-07 08:00:00.000000 +0800,1INCHUSDT,0.335,0.335,0.31,0.313,5865231.8,1901767.116
2023-06-08 08:00:00.000000 +0800,1INCHUSDT,0.314,0.328,0.311,0.322,3820291.2,1229834.7236
2023-06-09 08:00:00.000000 +0800,1INCHUSDT,0.322,0.328,0.317,0.322,3665495.4,1181177.0961
2023-06-10 08:00:00.000000 +0800,1INCHUSDT,0.323,0.324,0.235,0.272,23816462.8,6599880.5695
2023-06-11 08:00:00.000000 +0800,1INCHUSDT,0.272,0.276,0.265,0.27,4334172.8,1170527.1141
2023-06-12 08:00:00.000000 +0800,1INCHUSDT,0.269,0.275,0.26,0.269,6316519.4,1701666.1122
2023-06-13 08:00:00.000000 +0800,1INCHUSDT,0.27,0.277,0.263,0.268,4671266.9,1263084.3167
2023-06-14 08:00:00.000000 +0800,1INCHUSDT,0.269,0.278,0.257,0.262,6283278.2,1680265.4043
2023-06-15 08:00:00.000000 +0800,1INCHUSDT,0.263,0.266,0.252,0.26,3905308.5,1010452.0761
2023-06-16 08:00:00.000000 +0800,1INCHUSDT,0.261,0.2799,0.259,0.2756,16518221.5,4448393.50693
2023-06-17 08:00:00.000000 +0800,1INCHUSDT,0.2754,0.2845,0.2719,0.2766,11151127.5,3109425.80997
2023-06-18 08:00:00.000000 +0800,1INCHUSDT,0.2767,0.2846,0.2729,0.2755,8805709,2451572.09276
2023-06-19 08:00:00.000000 +0800,1INCHUSDT,0.2755,0.2789,0.2707,0.2775,7132580.4,1959148.95425
2023-06-20 08:00:00.000000 +0800,1INCHUSDT,0.2777,0.2943,0.2736,0.2932,10365208,2915653.25007
